Date,AAPL,MSFT,JPM,JNJ,AMZN,XOM,GLD,TLT,SPY
2021-08-13,149.1,292.85,159.98,176.25,164.6985,56.77,166.39,148.55,445.92
2021-08-16,151.12,294.6,158.93,177.84,164.9495,55.94,167.22,148.91,446.97
2021-08-17,150.19,293.08,157.01,179.47,162.098,55.56,166.97,148.85,444.04
2021-08-18,146.36,290.73,155.58,177.19,160.061,54.39,167.1,149.35,439.18
2021-08-19,146.7,296.77,154.28,178.57,159.3875,52.73,166.61,150.45,439.86
2021-08-20,148.19,304.36,154.72,179.44,159.9975,52.74,166.7,150.55,443.36
2021-08-23,149.71,304.65,156.7,177.61,163.2935,54.91,168.73,150.45,447.26
2021-08-24,149.62,302.62,157.67,175.39,165.289,55.36,168.65,149.28,447.97
2021-08-25,148.36,302.01,160.92,174.23,164.959,55.46,167.48,148.04,448.91
2021-08-26,147.54,299.09,161.75,173.3,165.8,54.71,167.67,148.45,446.26
2021-08-27,148.6,299.72,163.05,172.93,167.4815,55.77,170.19,149.46,450.25
2021-08-30,153.12,303.59,160.44,173.66,171.0785,55.16,169.35,149.85,452.23
2021-08-31,151.83,301.88,159.95,173.13,173.5395,54.52,169.69,148.83,451.56
2021-09-01,152.51,301.83,159.72,173.74,173.95,53.77,169.7,148.89,451.8
2021-09-02,153.65,301.15,160.46,174.93,173.156,55.08,169.25,149.54,453.19
2021-09-03,154.3,301.14,159.49,175.04,173.9025,54.87,171.06,148.18,453.08
2021-09-07,156.69,300.18,159.21,172.32,175.4645,54.55,167.71,146.93,451.46
2021-09-08,155.11,300.21,158.5,171.9,176.275,54.05,167.29,147.93,450.91
2021-09-09,154.07,297.25,159.19,168.07,174.208,54.09,168.03,149.72,448.98
2021-09-10,148.97,295.71,157.36,166.97,173.4575,53.98,167.18,148.4,445.44
2021-09-13,149.55,296.99,159.86,165.8,172.8585,55.37,167.74,149.3,446.58
2021-09-14,148.12,299.79,157.07,164.8,172.5,54.58,168.82,151.11,444.17
2021-09-15,149.03,304.82,158.16,165.42,173.7895,56.42,167.83,150.58,447.88
2021-09-16,148.79,305.22,158.09,165.22,174.412,55.82,164.03,149.89,447.17
2021-09-17,146.06,299.87,157.68,164.75,173.126,55.16,163.77,149.17,441.4
2021-09-20,142.94,294.3,152.96,163.81,167.7865,53.69,164.94,151.02,434.04
2021-09-21,143.43,294.8,152.98,164.53,167.1815,53.64,166.04,150.89,433.63
2021-09-22,145.85,298.58,155.91,163.93,169.0025,55.21,165.42,151.79,437.86
2021-09-23,146.83,299.56,161.18,164.86,170.8,57.08,163.51,148.36,443.18
2021-09-24,146.92,299.35,163.04,164.36,171.276,57.59,163.3,146.91,443.91
2021-09-27,145.37,294.17,166.98,163.17,170.2901,59.3,163.64,146.37,442.64
2021-09-28,141.91,283.52,166.08,162.81,165.798,59.92,162.05,144.09,433.72
2021-09-29,142.83,284.0,165.95,164.02,165.056,59.88,161.32,144.34,434.45
2021-09-30,141.5,281.92,163.69,161.5,164.252,58.82,164.22,144.32,429.14
2021-10-01,142.65,289.1,167.13,160.47,164.163,60.93,164.59,145.35,434.24
2021-10-04,139.14,283.11,166.95,159.22,159.489,61.72,165.36,144.98,428.64
2021-10-05,141.11,288.76,168.66,159.58,161.05,61.62,164.59,143.58,433.1
2021-10-06,142.0,293.11,169.02,159.91,163.1005,60.49,165.03,144.39,434.9
2021-10-07,143.29,294.85,170.09,161.34,165.1215,60.66,164.16,142.88,438.66
2021-10-08,142.9,294.85,170.22,160.93,164.431,62.18,164.23,141.88,437.86
2021-10-11,142.81,294.23,166.64,160.25,162.315,61.56,163.92,141.52,434.69
2021-10-12,141.51,292.88,165.36,157.69,162.3665,61.24,164.66,143.94,433.62
2021-10-13,140.91,296.31,161.0,159.2,164.214,61.07,167.59,145.34,435.18
2021-10-14,143.76,302.75,163.47,160.11,164.9931,62.0,168.0,145.88,442.5
2021-10-15,144.84,304.21,166.61,161.3,170.451,62.59,165.33,145.03,445.87
2021-10-18,146.55,307.29,166.55,160.12,172.337,62.56,164.92,145.71,447.19
2021-10-19,148.76,308.23,168.57,163.87,172.2075,63.5,165.45,143.7,450.64
2021-10-20,149.26,307.41,170.84,163.78,170.753,63.85,166.9,142.73,452.41
2021-10-21,149.48,310.76,169.5,163.4,171.7505,62.69,166.75,142.56,453.59
2021-10-22,148.69,309.16,171.78,163.72,166.7775,63.12,167.77,144.13,453.12
2021-10-25,148.64,308.13,170.94,164.08,166.0185,64.35,168.93,143.91,455.55
2021-10-26,149.32,310.11,171.4,165.75,168.8035,65.84,167.68,145.1,455.96
2021-10-27,148.85,323.17,167.83,163.74,169.6245,64.13,168.12,147.74,453.94
2021-10-28,152.57,324.35,170.36,162.85,172.3285,64.31,168.08,147.24,458.32
2021-10-29,149.8,331.62,169.89,162.88,168.6215,64.47,166.65,147.69,459.25
2021-11-01,148.96,329.37,169.8,163.02,165.9055,65.63,167.52,146.44,460.04
2021-11-02,150.02,333.13,170.47,165.59,165.6375,64.82,167.16,147.09,461.9
2021-11-03,151.49,334.0,170.53,165.06,169.2,63.93,165.77,145.57,464.72
2021-11-04,150.96,336.44,168.29,164.6,173.85,64.41,167.65,147.1,466.91
2021-11-05,151.28,336.06,168.05,163.43,175.9495,65.02,169.84,149.3,468.53
2021-11-08,150.44,336.99,169.06,162.87,174.449,65.72,170.45,149.02,468.93
2021-11-09,150.81,335.95,167.78,162.51,178.8115,66.36,171.29,150.96,467.38
2021-11-10,147.92,330.8,167.62,164.27,174.1026,64.19,173.15,148.2,463.62
2021-11-11,147.87,332.43,167.61,163.06,173.625,64.31,174.12,147.98,463.77
2021-11-12,149.99,336.72,166.86,165.01,176.2575,63.82,174.45,147.33,467.27
2021-11-15,150.0,336.07,166.56,163.52,177.284,64.37,174.18,145.48,467.43
2021-11-16,151.0,339.51,165.36,162.67,177.035,65.02,172.92,145.11,469.28
2021-11-17,153.49,339.12,164.47,163.28,177.45,64.31,174.5,146.26,468.14
2021-11-18,157.87,341.27,163.05,162.4,184.803,63.61,173.94,146.81,469.73
2021-11-19,160.55,343.11,160.92,162.89,183.8285,60.67,172.61,148.36,468.89
2021-11-22,161.02,339.83,164.35,159.7,178.6286,61.51,168.74,146.62,467.57
2021-11-23,161.41,337.68,168.28,160.69,179.002,63.13,167.28,144.5,468.19
2021-11-24,161.94,337.91,166.96,160.24,179.0205,63.48,167.12,146.82,469.44
2021-11-26,156.81,329.68,161.93,159.2,175.228,61.25,166.85,150.53,458.97
2021-11-29,160.24,336.63,161.23,159.75,178.0785,61.59,166.62,149.32,464.6
2021-11-30,165.3,330.59,158.83,155.93,175.3535,59.84,165.5,151.59,455.56
2021-12-01,164.77,330.08,157.89,158.08,172.186,59.79,166.16,152.34,450.5
2021-12-02,163.76,329.49,161.21,157.09,171.8681,61.28,165.24,152.53,457.4
2021-12-03,161.84,323.01,158.29,159.38,169.4895,60.89,166.63,154.35,453.42
2021-12-06,165.32,326.19,160.16,162.94,171.3685,61.58,166.22,152.23,458.79
2021-12-07,171.18,334.92,162.57,163.36,176.1645,62.27,166.81,151.0,468.28
2021-12-08,175.08,334.97,160.71,164.34,176.158,62.45,166.9,148.39,469.52
2021-12-09,174.56,333.1,160.46,165.9,174.171,62.61,165.88,149.22,466.35
2021-12-10,179.45,342.54,159.82,165.49,172.212,63.01,166.58,148.86,470.74
2021-12-13,175.74,339.4,157.92,168.45,169.5675,61.63,167.0,151.06,466.57
2021-12-14,174.33,328.34,159.13,170.29,169.0915,61.54,165.44,150.7,463.36
2021-12-15,179.3,334.65,157.94,171.14,173.315,61.27,166.15,149.25,470.6
2021-12-16,172.26,324.9,160.41,173.01,168.871,61.37,168.16,149.14,466.45
2021-12-17,171.14,323.8,156.76,168.23,170.0175,60.03,167.8,150.83,459.87
2021-12-20,169.75,319.91,153.94,167.75,167.079,59.16,167.09,149.7,454.98
2021-12-21,172.99,327.29,156.09,167.21,170.417,60.5,167.02,149.13,463.06
2021-12-22,175.64,333.2,156.7,167.93,171.037,60.99,168.59,149.82,467.69
2021-12-23,176.28,334.69,157.26,168.25,171.0685,61.02,168.97,148.52,470.6
2021-12-27,180.33,342.45,158.16,169.67,169.6695,61.89,169.37,148.88,477.26
2021-12-28,179.29,341.25,158.64,170.35,170.661,61.69,168.64,148.29,476.87
2021-12-29,179.38,341.95,158.56,171.55,169.201,61.15,168.59,146.67,477.48
2021-12-30,178.2,339.32,158.48,172.31,168.6445,60.79,169.8,147.9,476.16
2021-12-31,177.57,336.32,158.35,171.07,166.7171,61.19,170.96,148.19,474.96
2022-01-03,182.01,334.75,161.7,171.54,170.4046,63.54,168.33,144.3,477.71
2022-01-04,179.7,329.01,167.83,171.08,167.522,65.93,169.57,143.7,477.55
2022-01-05,174.92,316.38,163.78,172.22,164.357,66.75,169.06,142.92,468.38
2022-01-06,172.0,313.88,165.52,171.63,163.254,68.32,166.99,143.29,467.94
2022-01-07,172.17,314.04,167.16,173.95,162.554,68.88,167.75,142.26,466.09
2022-01-10,172.19,314.27,167.32,173.09,161.486,68.47,168.26,142.61,465.51
2022-01-11,175.08,314.98,167.49,171.25,165.362,71.35,170.29,143.56,469.75
2022-01-12,175.53,318.27,168.44,169.79,165.207,71.14,170.74,143.01,471.02
2022-01-13,172.19,304.8,168.23,168.76,161.214,70.63,170.16,144.28,464.53
2022-01-14,173.07,310.2,157.89,167.84,162.138,71.87,169.67,142.1,464.72
2022-01-18,169.8,302.65,151.27,167.1,158.9175,73.08,169.39,140.1,456.49
2022-01-19,166.23,303.33,148.93,166.58,156.299,73.11,172.08,141.07,451.75
2022-01-20,164.51,301.6,147.66,165.25,151.6675,73.27,171.65,141.94,446.75
2022-01-21,162.41,296.03,145.08,164.87,142.643,72.17,171.09,143.63,437.98
2022-01-24,161.62,296.37,144.95,162.97,144.544,72.79,172.03,142.45,439.84
2022-01-25,159.78,288.49,146.53,167.63,139.986,74.93,172.58,142.22,434.47
2022-01-26,159.69,296.71,147.92,168.38,138.8725,74.17,169.79,140.5,433.38
2022-01-27,159.22,299.84,145.31,170.59,139.6375,75.12,167.6,143.08,431.24
2022-01-28,170.33,308.26,146.61,171.79,143.978,75.28,167.1,143.13,441.95
2022-01-31,174.78,310.98,148.6,172.29,149.5735,75.96,168.09,142.39,449.91
2022-02-01,174.61,308.76,151.15,170.88,151.1935,80.83,168.23,141.72,452.95
2022-02-02,175.84,313.46,149.94,172.77,150.6125,80.62,168.84,142.2,457.35
2022-02-03,172.9,301.25,148.7,172.76,138.8455,79.68,168.6,141.09,446.6
2022-02-04,172.39,305.94,152.56,171.63,157.6395,81.41,168.86,139.01,448.7
2022-02-07,171.66,300.95,153.07,171.06,157.9355,82.39,170.11,139.1,447.26
2022-02-08,174.83,304.56,155.95,171.51,161.4135,80.26,170.63,138.17,450.94
2022-02-09,176.28,311.21,156.6,171.49,161.1895,79.0,171.21,138.43,457.54
2022-02-10,172.12,302.38,155.95,169.42,159.0036,78.24,170.56,136.23,449.32
2022-02-11,168.64,295.04,153.92,167.71,153.2935,80.21,173.81,138.25,440.46
2022-02-14,168.88,295.0,152.49,165.6,155.167,78.98,174.74,136.53,439.02
2022-02-15,172.79,300.47,154.72,167.31,156.5105,77.99,173.08,134.98,446.1
2022-02-16,172.55,299.5,155.0,167.21,158.1005,78.35,174.86,135.78,446.6
2022-02-17,168.88,290.73,151.43,166.19,154.6525,78.23,177.25,136.79,437.06
2022-02-18,167.3,287.93,152.14,163.36,152.6015,77.36,177.12,138.23,434.23
2022-02-22,164.32,287.72,151.87,161.14,150.1975,76.46,177.49,138.59,429.57
2022-02-23,160.07,280.27,148.69,161.22,144.827,76.77,178.29,136.68,421.95
2022-02-24,162.74,294.59,144.55,158.14,151.358,75.8,177.14,136.77,428.3
2022-02-25,164.85,297.31,147.97,166.0,153.7885,77.84,176.55,136.87,437.75
2022-02-28,165.12,298.79,141.8,164.57,153.563,78.42,178.38,139.87,436.63
2022-03-01,163.2,294.95,136.45,164.0,151.142,79.17,181.62,141.3,429.98
2022-03-02,166.56,300.19,139.28,166.04,152.0525,80.53,179.73,136.47,437.89
2022-03-03,166.23,295.92,138.29,168.48,147.8985,81.04,180.8,137.86,435.71
2022-03-04,163.17,289.86,134.4,169.48,145.641,84.09,183.68,140.24,432.17
2022-03-07,159.3,278.91,129.21,172.21,137.453,87.12,186.41,139.17,419.43
2022-03-08,157.44,275.85,128.3,168.72,136.0145,87.78,191.51,137.77,416.25
2022-03-09,162.95,288.5,133.44,169.36,139.279,82.79,185.82,136.42,427.41
2022-03-10,158.52,285.59,131.86,169.66,146.8175,85.36,186.4,134.46,425.48
2022-03-11,154.73,280.07,128.89,169.35,145.5245,84.92,185.09,134.91,420.07
2022-03-14,150.62,276.44,130.17,171.69,141.853,81.88,182.3,131.76,417.0
2022-03-15,155.09,287.15,132.48,176.14,147.3665,77.22,178.89,131.53,426.17
2022-03-16,159.59,294.39,138.4,174.52,153.104,76.93,180.01,132.82,435.62
2022-03-17,160.62,295.22,140.15,176.8,157.239,78.98,180.89,131.83,441.07
2022-03-18,163.98,300.43,140.1,174.84,161.2505,78.67,179.3,133.44,444.52
2022-03-21,165.38,299.16,139.65,175.83,161.4915,82.2,180.67,130.35,444.39
2022-03-22,168.82,304.06,142.62,175.0,164.8891,81.84,179.36,128.68,449.59
2022-03-23,170.21,299.49,139.78,174.34,163.408,83.13,181.81,131.5,443.8
2022-03-24,174.07,304.1,140.69,175.24,163.6495,83.38,183.13,130.47,450.49
2022-03-25,174.72,303.68,141.92,176.92,164.7735,85.2,182.38,128.66,452.69
2022-03-28,175.6,310.7,140.87,177.83,168.9905,82.81,179.06,129.76,455.91
2022-03-29,178.96,315.41,141.18,177.74,169.315,82.37,179.14,130.74,461.55
2022-03-30,177.77,313.86,140.54,179.59,166.301,83.78,180.58,131.76,458.7
2022-03-31,174.61,308.31,136.32,177.23,162.9975,82.59,180.65,132.08,451.64
2022-04-01,174.31,309.42,135.31,178.19,163.56,83.12,179.5,132.38,452.92
2022-04-04,178.44,314.97,135.91,176.47,168.3465,83.16,180.37,131.46,456.8
2022-04-05,175.06,310.88,133.34,177.61,164.055,82.73,179.24,128.49,451.03
2022-04-06,171.83,299.5,131.49,182.23,158.756,83.65,179.66,127.45,446.52
2022-04-07,172.14,301.37,131.09,181.76,157.7845,85.05,180.34,126.49,448.77
2022-04-08,170.09,296.97,133.49,182.12,154.4605,86.84,181.47,125.12,447.57
2022-04-11,165.75,285.26,133.0,179.84,151.122,83.85,182.37,123.14,439.92
2022-04-12,167.66,282.06,131.54,179.9,150.7875,85.6,183.77,122.97,438.29
2022-04-13,170.4,287.62,127.3,180.66,155.541,86.81,184.65,123.22,443.31
2022-04-14,165.29,279.83,126.12,179.9,151.7065,87.83,184.04,120.75,437.79
2022-04-18,165.07,280.52,128.46,177.66,152.785,88.55,184.61,120.15,437.97
2022-04-19,167.4,285.3,131.12,183.08,158.1155,87.76,181.82,119.25,445.04
2022-04-20,167.23,286.36,131.58,183.89,153.998,87.96,182.71,121.65,444.71
2022-04-21,166.42,280.81,130.56,183.36,148.296,87.03,182.06,120.75,438.06
2022-04-22,161.79,274.03,126.81,181.54,144.35,85.13,180.29,119.99,426.04
2022-04-25,162.88,280.72,126.77,186.01,146.074,82.26,177.05,121.19,428.51
2022-04-26,156.8,270.22,123.02,184.68,139.391,82.29,177.32,122.41,416.1
2022-04-27,156.57,283.22,121.42,182.1,138.167,84.64,175.98,120.84,417.27
2022-04-28,163.64,289.63,123.34,183.46,144.5965,87.2,176.93,121.02,427.81
2022-04-29,157.65,277.52,119.36,180.46,124.2815,85.25,176.91,119.45,412.0
2022-05-02,157.96,284.47,120.45,178.64,124.5,86.41,173.63,117.18,414.48
2022-05-03,159.48,281.78,123.03,178.29,124.2535,88.19,174.09,117.97,416.38
2022-05-04,166.02,289.98,127.1,180.2,125.9285,91.7,175.8,118.62,429.06
2022-05-05,156.77,277.35,123.92,176.76,116.407,90.31,175.13,115.37,413.81
2022-05-06,157.28,274.73,123.72,176.37,114.7725,91.69,175.42,113.67,411.34
2022-05-09,152.06,264.58,121.86,177.33,108.789,84.46,172.88,114.67,398.17
2022-05-10,154.51,269.5,118.89,177.09,108.859,85.02,171.42,115.71,399.09
2022-05-11,146.5,260.55,118.14,176.13,105.372,86.79,172.82,117.94,392.75
2022-05-12,142.56,255.35,118.04,177.87,106.9305,86.3,170.17,117.72,392.34
2022-05-13,147.11,261.12,119.09,176.85,113.055,88.86,168.79,115.98,401.72
2022-05-16,145.54,261.5,118.26,178.08,110.8105,90.95,170.4,115.86,400.09
2022-05-17,149.24,266.82,122.18,178.82,115.3685,92.11,169.33,114.46,408.32
2022-05-18,140.82,254.08,120.09,175.5,107.1125,90.65,169.42,116.9,391.86
2022-05-19,137.35,253.14,118.31,173.94,107.319,91.14,171.91,117.18,389.46
2022-05-20,137.59,252.56,117.34,176.98,107.591,91.86,172.03,118.51,389.63
2022-05-23,143.11,260.65,124.6,179.44,107.557,93.89,172.83,116.56,396.92
2022-05-24,140.36,259.62,126.36,181.4,104.1,94.4,174.13,118.86,393.89
2022-05-25,140.52,262.52,127.24,179.62,106.775,96.3,173.08,119.33,397.37
2022-05-26,143.78,265.9,129.44,179.46,111.0775,96.64,172.76,118.79,405.31
2022-05-27,149.64,273.24,131.27,181.09,115.1465,97.59,172.85,119.08,415.26
2022-05-31,148.84,271.87,132.23,179.53,120.2095,96.0,171.14,116.56,412.93
2022-06-01,148.71,272.42,129.91,177.71,121.684,97.84,172.23,116.22,409.59
2022-06-02,151.21,274.58,132.0,177.15,125.511,97.67,174.35,116.28,417.39
2022-06-03,145.38,270.02,130.16,176.42,122.35,99.09,172.58,116.03,410.54
2022-06-06,146.14,268.75,129.73,176.4,124.79,98.84,171.82,113.89,411.79
2022-06-07,148.71,272.5,130.07,178.34,123.0,103.37,172.94,115.12,415.74
2022-06-08,147.96,270.41,128.0,177.28,121.18,104.59,172.78,114.1,411.22
2022-06-09,142.64,264.79,125.31,173.71,116.15,102.33,172.23,114.48,401.44
2022-06-10,137.13,252.99,119.55,172.55,109.65,100.46,174.54,113.77,389.8
2022-06-13,131.88,242.26,115.99,170.81,103.67,95.85,169.93,110.2,375.0
2022-06-14,132.76,244.49,114.06,168.19,102.31,96.1,168.57,108.81,373.87
2022-06-15,135.43,251.76,115.41,169.99,107.67,94.89,170.77,110.84,379.2
2022-06-16,130.06,244.97,113.43,170.08,103.66,91.39,172.69,111.72,366.65
2022-06-17,131.56,247.65,113.03,169.46,106.22,86.12,171.27,112.08,365.86
2022-06-21,135.87,253.74,115.83,173.01,108.68,91.48,170.63,110.18,375.07
2022-06-22,135.35,253.13,115.18,175.74,108.95,87.86,171.31,113.21,374.39
2022-06-23,138.27,258.86,113.92,179.66,112.44,85.21,170.26,114.14,378.06
2022-06-24,141.66,267.7,117.32,182.29,116.46,86.9,170.09,112.56,390.08
2022-06-27,141.66,264.89,116.38,182.12,113.22,89.03,169.9,111.6,388.59
2022-06-28,137.44,256.48,115.82,176.94,107.4,91.5,169.62,112.12,380.65
2022-06-29,139.23,260.26,115.3,176.99,108.92,88.12,169.49,113.87,380.34
2022-06-30,136.72,256.83,112.61,177.51,106.21,85.64,168.46,114.87,377.25
2022-07-01,138.93,259.58,114.05,179.52,109.56,87.55,168.32,115.82,381.24
2022-07-05,141.56,262.85,112.62,178.14,113.5,84.81,164.75,116.73,381.96
2022-07-06,142.92,266.21,111.89,178.3,114.33,83.28,162.14,114.77,383.25
2022-07-07,146.35,268.4,114.72,178.5,116.33,85.94,162.23,113.76,388.99
2022-07-08,147.04,267.66,114.36,178.28,115.54,86.08,162.3,112.5,388.67
2022-07-11,144.87,264.51,112.86,178.35,111.75,85.64,161.43,114.44,384.23
2022-07-12,145.86,253.67,112.97,175.85,109.22,84.5,160.83,115.12,380.83
2022-07-13,145.49,252.72,111.91,175.44,110.4,84.84,161.6,116.44,378.83
2022-07-14,148.47,254.08,108.0,175.68,110.63,83.14,159.33,115.49,377.91
2022-07-15,150.17,256.72,112.95,178.23,113.55,84.54,159.01,116.14,385.13
2022-07-18,147.07,254.25,111.79,174.23,113.76,86.1,159.16,114.93,381.95
2022-07-19,151.0,259.53,114.56,171.69,118.21,88.27,159.54,114.31,392.27
2022-07-20,153.04,262.27,114.54,170.71,122.77,89.24,158.04,114.61,394.77
2022-07-21,155.35,264.84,115.32,171.31,124.63,87.75,160.27,116.59,398.79
2022-07-22,154.09,260.36,114.76,172.12,122.42,87.08,160.67,118.55,395.09
2022-07-25,152.95,258.83,115.22,172.46,121.14,89.98,160.23,117.39,395.57
2022-07-26,151.6,251.9,113.42,173.68,114.81,89.63,160.04,117.48,390.89
2022-07-27,156.79,268.74,115.24,173.2,120.97,91.57,161.67,116.82,401.04
2022-07-28,157.35,276.41,114.81,174.2,122.28,92.64,163.64,117.75,406.07
2022-07-29,162.51,280.74,115.36,174.52,134.95,96.93,164.1,117.43,411.99
2022-08-01,161.51,278.01,114.21,173.91,135.39,94.48,165.03,120.04,410.77
2022-08-02,160.01,274.82,112.43,172.92,134.16,94.07,164.05,117.5,408.06
2022-08-03,166.13,282.47,113.61,174.59,139.52,91.02,164.45,119.35,414.45
2022-08-04,165.81,283.65,112.36,171.79,142.57,87.19,167.17,119.31,414.17
2022-08-05,165.35,282.91,115.76,171.11,140.8,88.45,165.29,116.47,413.47
2022-08-08,164.87,280.32,114.35,170.2,139.41,88.95,166.69,118.35,412.99
2022-08-09,164.92,282.3,115.38,170.18,137.83,90.59,167.2,117.89,411.35
2022-08-10,169.24,289.16,118.39,170.67,142.69,91.45,166.78,117.12,419.99
2022-08-11,168.49,287.02,120.14,167.14,140.64,93.19,166.34,114.39,419.99
2022-08-12,172.1,291.91,122.13,165.3,143.55,94.0,167.87,115.55,427.1
2022-08-15,173.19,293.47,122.46,166.09,143.18,92.32,165.71,115.45,428.86
2022-08-16,173.03,292.71,123.63,167.57,144.78,91.46,165.42,115.93,429.7
2022-08-17,174.55,291.32,122.59,167.58,142.1,92.2,164.35,114.72,426.65
2022-08-18,174.15,290.17,121.64,166.77,142.3,94.38,163.92,114.89,427.89
2022-08-19,171.52,286.15,118.63,169.31,138.23,94.08,162.72,113.04,422.14
2022-08-22,167.57,277.75,116.67,167.59,133.22,94.01,161.64,112.66,413.35
2022-08-23,167.23,276.44,115.52,166.13,133.62,98.0,162.77,112.04,412.35
2022-08-24,167.53,275.79,115.8,165.58,133.8,98.58,163.25,111.22,413.67
2022-08-25,170.03,278.85,118.55,167.13,137.28,99.09,163.75,112.77,419.51
2022-08-26,163.62,268.09,114.67,164.27,130.75,97.87,161.76,113.62,405.31
2022-08-29,161.38,265.23,114.39,163.0,129.79,100.12,161.86,112.68,402.63
2022-08-30,158.91,262.97,114.41,162.43,128.73,96.31,160.51,112.96,398.21
2022-08-31,157.22,261.47,113.73,161.34,126.77,95.59,159.27,111.88,395.18
2022-09-01,157.96,260.4,114.51,165.34,127.82,93.87,157.87,109.6,396.42
2022-09-02,155.81,256.06,113.71,162.74,127.51,95.59,159.26,110.22,392.24
2022-09-06,154.53,253.25,113.74,163.18,126.11,94.95,158.33,107.49,390.76
2022-09-07,155.96,258.09,115.9,164.07,129.48,94.14,159.94,109.19,397.78
2022-09-08,154.46,258.52,118.6,165.39,129.82,94.91,158.98,108.07,400.38
2022-09-09,157.37,264.46,119.17,165.71,133.27,96.5,159.82,108.31,406.6
2022-09-12,163.43,266.65,120.58,165.64,136.45,97.61,160.63,107.42,410.97
2022-09-13,153.84,251.99,116.39,161.33,126.82,95.33,158.54,107.67,393.1
2022-09-14,155.31,252.22,116.12,164.66,128.55,97.67,157.93,108.04,394.6
2022-09-15,152.37,245.38,117.87,165.08,126.28,94.83,154.98,107.97,390.12
2022-09-16,150.7,244.74,117.08,167.6,123.53,93.21,155.84,107.07,385.56
2022-09-19,154.48,244.52,118.16,166.28,124.66,93.2,155.96,107.32,388.55
2022-09-20,156.9,242.45,115.83,164.97,122.19,92.44,155.07,106.25,384.09
2022-09-21,153.72,238.95,112.49,163.28,118.54,90.95,155.79,108.03,377.39
2022-09-22,152.74,240.98,111.21,166.18,117.31,90.57,155.7,105.27,374.22
2022-09-23,150.43,237.92,109.14,166.72,113.78,85.75,153.01,105.7,367.95
2022-09-26,150.77,237.45,106.79,165.7,115.15,83.98,151.23,103.68,364.31
2022-09-27,151.76,236.41,105.85,164.94,114.41,85.74,151.54,100.95,363.38
2022-09-28,149.84,241.07,107.99,166.36,118.01,88.86,154.69,104.33,370.53
2022-09-29,142.48,237.5,106.16,164.53,114.8,88.68,154.66,103.79,362.79
2022-09-30,138.2,232.9,104.5,163.36,113.0,87.31,154.67,102.45,357.18
2022-10-03,142.45,240.74,107.73,163.2,115.88,91.92,158.43,103.83,366.61
2022-10-04,146.1,248.88,112.77,165.62,121.09,95.27,160.7,103.54,377.97
2022-10-05,146.4,249.2,110.39,165.11,120.95,99.12,159.81,102.55,377.09
2022-10-06,145.43,246.79,108.14,161.91,120.3,102.06,159.63,101.98,373.2
2022-10-07,140.09,234.24,105.98,160.2,114.56,101.03,157.88,100.99,362.79
2022-10-10,140.42,229.25,104.99,160.41,113.67,98.84,155.48,99.42,360.02
2022-10-11,138.98,225.41,101.96,162.73,112.21,98.0,155.16,99.86,357.74
2022-10-12,138.34,225.75,103.61,162.69,112.9,98.43,155.99,100.35,356.56
2022-10-13,142.99,234.24,109.37,165.15,112.53,101.87,154.91,99.39,365.97
2022-10-14,138.38,228.56,111.19,164.46,106.9,99.19,152.98,98.57,357.63
2022-10-17,142.41,237.53,115.86,166.59,113.79,100.62,153.42,98.09,366.82
2022-10-18,143.75,238.5,118.84,166.01,116.36,100.8,153.75,98.32,371.13
2022-10-19,143.86,236.48,116.51,164.69,115.07,103.79,151.69,96.53,368.5
2022-10-20,143.39,236.15,116.13,165.11,115.25,103.93,151.45,94.88,365.41
2022-10-21,147.27,242.12,122.23,168.71,119.32,105.86,154.15,93.17,374.29
2022-10-24,149.45,247.25,122.38,170.98,119.82,106.6,153.65,92.4,378.87
2022-10-25,152.34,250.66,122.7,170.71,120.6,105.88,154.0,95.09,384.92
2022-10-26,149.35,231.32,124.11,172.21,115.66,107.14,154.98,96.46,382.02
2022-10-27,144.8,226.75,124.6,172.31,110.96,107.55,154.74,97.47,379.98
2022-10-28,155.74,235.87,126.08,174.87,103.41,110.7,153.16,96.8,389.02
2022-10-31,153.34,232.13,125.88,173.97,102.44,110.81,151.91,96.11,386.21
2022-11-01,150.65,228.17,128.15,173.09,96.79,111.91,153.46,96.77,384.52
2022-11-02,145.03,220.1,126.97,170.43,92.12,109.61,152.39,96.35,374.87
2022-11-03,138.88,214.25,127.2,170.72,89.3,111.1,151.81,95.83,371.01
2022-11-04,138.38,221.39,130.68,171.48,90.98,112.31,156.47,94.22,376.35
2022-11-07,138.92,227.87,131.37,172.98,90.53,113.64,155.85,93.28,379.95
2022-11-08,139.5,228.87,131.45,173.84,89.98,114.0,159.45,94.3,382.0
2022-11-09,134.87,224.51,129.74,172.45,86.14,108.9,158.65,94.61,374.13
2022-11-10,146.87,242.98,135.08,174.47,96.63,110.5,163.48,98.25,394.69
2022-11-11,149.7,247.11,135.3,169.25,100.79,113.95,164.56,97.89,398.51
2022-11-14,148.28,241.55,133.91,171.91,98.49,113.37,164.92,97.65,395.12
2022-11-15,150.04,241.97,132.94,172.39,98.94,114.13,165.5,99.23,398.49
2022-11-16,148.79,241.73,133.12,173.46,97.12,112.91,165.12,101.4,395.45
2022-11-17,150.72,241.68,132.54,174.86,94.85,113.06,163.92,100.33,394.24
2022-11-18,151.29,241.22,133.84,176.2,94.14,112.08,162.79,99.64,396.03
2022-11-21,148.01,242.05,133.05,175.97,92.46,110.97,161.88,100.06,394.59
2022-11-22,150.18,245.03,135.04,176.82,93.2,114.18,162.07,101.48,399.9
2022-11-23,151.07,247.58,136.48,177.01,94.13,113.61,163.08,103.25,402.42
2022-11-25,148.11,247.49,136.74,177.24,93.41,113.21,163.22,102.9,402.33
2022-11-28,144.22,241.76,134.35,177.33,93.95,109.81,161.93,103.19,395.91
2022-11-29,141.17,240.33,136.56,176.09,92.42,110.54,162.73,101.98,395.23
2022-11-30,148.03,255.14,138.18,178.0,96.54,111.34,164.81,102.73,407.68
2022-12-01,148.31,254.69,136.24,178.74,95.5,110.8,167.84,105.76,407.38
2022-12-02,147.81,255.02,135.16,178.88,94.13,109.86,167.26,107.09,406.91
2022-12-05,146.63,250.2,131.37,178.78,91.01,106.85,164.39,105.59,399.59
2022-12-06,142.91,245.12,131.59,176.1,88.25,103.88,164.84,106.95,393.83
2022-12-07,140.94,244.37,131.5,177.17,88.46,103.65,166.33,109.47,393.16
2022-12-08,142.65,247.4,132.88,177.2,90.35,104.42,166.47,109.17,396.24
2022-12-09,142.16,245.42,132.16,175.74,89.09,103.54,167.06,106.33,393.28
2022-12-12,144.49,252.51,134.21,177.84,90.55,106.09,165.68,106.67,398.95
2022-12-13,145.47,256.92,134.08,179.21,92.49,107.25,168.51,107.7,401.97
2022-12-14,143.21,257.22,133.41,179.76,91.58,106.46,168.1,108.16,399.4
2022-12-15,136.5,249.01,130.1,177.49,88.45,105.44,165.35,108.32,389.63
2022-12-16,134.51,244.69,129.29,175.67,87.86,104.7,166.79,107.11,383.27
2022-12-19,132.37,240.45,130.06,175.48,84.92,105.17,166.32,105.31,380.02
2022-12-20,132.3,241.8,130.69,175.67,85.19,106.69,169.08,103.44,380.54
2022-12-21,135.45,244.43,132.16,177.68,86.77,108.06,168.8,103.7,386.23
2022-12-22,132.23,238.19,130.66,177.03,83.79,105.88,166.76,103.68,380.72
2022-12-23,131.86,238.73,131.28,177.48,85.25,108.68,167.26,102.16,382.91
2022-12-27,130.03,236.96,131.74,177.43,83.04,110.19,168.67,100.14,381.4
2022-12-28,126.04,234.53,132.46,176.66,81.82,108.38,167.91,99.55,376.66
2022-12-29,129.61,241.01,133.22,177.56,84.18,109.2,168.85,100.68,383.44
2022-12-30,129.93,239.82,134.1,176.65,84.0,110.3,169.64,99.56,382.43
2023-01-03,125.07,239.58,135.12,178.19,85.82,106.51,171.06,101.46,380.82
2023-01-04,126.36,229.1,136.38,180.13,85.14,106.82,172.67,102.85,383.76
2023-01-05,125.02,222.31,135.35,178.8,83.12,109.21,170.52,103.28,379.38
2023-01-06,129.62,224.93,137.94,180.25,86.08,110.53,173.71,105.18,388.08
2023-01-09,130.15,227.12,137.37,175.58,87.36,108.47,174.1,105.74,387.86
2023-01-10,130.73,228.85,138.6,175.16,89.87,110.09,174.74,103.99,390.58
2023-01-11,133.49,235.77,139.63,174.88,95.09,111.37,174.62,105.68,395.52
2023-01-12,133.41,238.51,139.49,174.0,95.27,113.22,176.64,107.76,396.96
2023-01-13,134.76,239.23,143.01,173.43,98.12,113.15,178.76,106.75,398.5
2023-01-17,135.94,240.35,140.8,172.36,96.05,112.93,177.59,106.06,397.77
2023-01-18,135.21,235.81,136.57,169.76,95.46,110.61,177.08,108.63,391.49
2023-01-19,135.27,231.93,134.75,169.53,93.68,111.32,179.89,107.95,388.64
2023-01-20,137.87,240.22,135.08,168.74,97.25,113.35,179.29,106.2,395.88
2023-01-23,141.11,242.58,137.27,168.31,97.52,112.76,179.63,105.7,400.63
2023-01-24,142.53,242.04,138.45,168.31,96.32,113.81,180.28,107.22,400.2
2023-01-25,141.86,240.61,139.12,169.51,97.18,113.21,181.11,107.48,400.35
2023-01-26,143.96,248.0,139.98,168.89,99.22,117.76,179.47,106.98,404.75
2023-01-27,145.93,248.16,140.32,168.23,102.24,115.61,179.22,106.71,405.68
2023-01-30,143.0,242.71,139.13,162.0,100.55,113.56,178.76,106.32,400.59
2023-01-31,144.29,247.81,139.96,163.42,103.13,116.01,179.41,107.17,406.48
2023-02-01,145.43,252.75,139.59,164.92,105.15,114.74,181.67,108.18,410.8
2023-02-02,150.82,264.6,138.94,165.54,112.91,111.15,177.9,108.32,416.78
2023-02-03,154.5,258.35,141.09,164.61,103.39,111.92,173.46,106.7,412.35
2023-02-06,151.73,256.77,141.92,163.36,102.18,111.73,173.82,105.91,409.83
2023-02-07,154.65,267.56,143.65,163.4,102.11,114.92,173.98,105.06,415.19
2023-02-08,151.92,266.73,142.64,163.61,100.05,113.92,174.41,105.56,410.65
2023-02-09,150.87,263.62,140.42,161.4,98.24,114.35,173.03,104.56,407.09
2023-02-10,151.01,263.1,141.04,162.15,97.61,119.17,173.36,103.39,408.04
2023-02-13,153.85,271.32,142.57,162.75,99.54,117.8,172.48,104.26,412.83
2023-02-14,153.2,272.17,143.2,162.04,99.7,116.42,172.61,104.02,412.64
2023-02-15,155.33,269.32,143.8,159.37,101.16,116.07,170.89,103.05,413.98
2023-02-16,153.71,262.15,141.82,158.24,98.15,115.73,170.75,101.59,408.28
2023-02-17,152.55,258.06,142.24,160.39,97.2,111.28,171.26,102.38,407.26
2023-02-21,148.48,252.67,139.63,158.0,94.58,111.17,170.62,100.39,399.09
2023-02-22,148.91,251.51,138.56,157.78,95.79,109.73,169.66,101.31,398.54
2023-02-23,149.4,254.77,139.67,157.73,95.82,110.74,169.57,102.3,400.66
2023-02-24,146.71,249.22,140.93,155.97,93.5,110.75,168.35,100.97,396.38
2023-02-27,147.92,250.16,142.16,155.63,93.76,110.55,169.01,101.25,397.73
2023-02-28,147.41,249.42,143.35,153.26,94.23,109.91,169.78,101.71,396.26
2023-03-01,145.31,246.27,142.55,152.57,92.17,110.89,170.76,100.37,394.74
2023-03-02,145.91,251.11,141.07,152.45,92.13,111.4,170.66,99.48,397.81
2023-03-03,151.03,255.29,143.66,154.02,94.9,112.81,172.49,101.89,404.19
2023-03-06,153.83,256.87,142.82,155.56,93.75,113.81,171.62,101.1,404.47
2023-03-07,151.6,254.15,138.62,154.09,93.55,111.61,168.62,101.72,398.27
2023-03-08,152.87,253.7,137.8,152.96,93.92,109.98,168.54,101.82,398.92
2023-03-09,150.59,252.32,130.34,151.24,92.25,109.13,170.2,102.07,391.56
2023-03-10,148.5,248.59,133.65,151.61,90.73,107.78,173.87,105.59,385.91
2023-03-13,150.47,253.92,131.25,153.06,92.43,106.54,177.86,105.83,385.36
2023-03-14,152.59,260.79,134.62,153.92,94.88,106.94,176.83,104.09,391.73
2023-03-15,152.99,265.44,128.26,154.35,96.2,101.62,178.21,106.1,389.28
2023-03-16,155.85,276.2,130.75,154.03,100.04,101.03,178.57,105.27,396.11
2023-03-17,155.0,279.43,125.81,152.38,98.95,99.84,183.77,106.85,389.99
2023-03-20,157.4,272.23,127.14,153.89,97.71,102.45,183.84,105.91,393.74
2023-03-21,159.28,273.78,130.55,153.89,100.61,107.04,180.37,105.0,398.91
2023-03-22,157.83,272.29,127.18,151.05,98.7,104.59,183.44,106.4,392.11
2023-03-23,158.93,277.66,126.84,151.13,98.71,103.41,185.74,106.4,393.17
2023-03-24,160.25,280.57,124.91,152.65,98.13,103.53,183.65,106.85,395.75
2023-03-27,158.28,276.38,128.49,153.3,98.04,105.8,181.95,104.34,396.49
2023-03-28,157.65,275.23,128.88,151.82,97.24,107.12,183.44,104.53,395.6
2023-03-29,160.77,280.51,129.14,153.31,100.25,108.96,182.53,104.32,401.35
2023-03-30,162.36,284.05,128.75,153.43,102.0,109.49,184.18,104.8,403.7
2023-03-31,164.9,288.3,130.31,155.0,103.29,109.66,183.22,106.37,409.39
2023-04-03,166.17,287.23,130.16,156.85,102.41,116.13,184.54,106.6,410.95
2023-04-04,165.63,287.18,128.42,158.49,103.95,115.02,187.98,107.13,408.67
2023-04-05,163.76,284.34,127.61,165.61,101.1,116.99,187.83,108.25,407.6
2023-04-06,164.66,291.6,127.47,165.15,102.06,115.05,186.49,108.53,409.19
2023-04-10,162.03,289.39,127.89,164.32,102.17,114.54,185.11,106.78,409.61
2023-04-11,160.8,282.83,128.52,164.27,99.92,115.35,186.28,107.0,409.72
2023-04-12,160.1,283.49,128.5,163.92,97.83,115.23,187.19,106.89,408.05
2023-04-13,165.56,289.84,128.99,166.11,102.4,115.77,189.72,106.05,413.47
2023-04-14,165.21,286.14,138.73,165.84,102.51,116.05,186.36,105.08,412.46
2023-04-17,165.23,288.8,139.83,165.67,102.74,114.7,185.53,103.83,413.94
2023-04-18,166.47,288.37,141.4,161.01,102.3,116.94,186.25,104.2,414.21
2023-04-19,167.63,288.45,141.22,162.53,104.3,116.57,185.36,104.1,414.14
2023-04-20,166.65,286.11,140.81,163.58,103.81,115.64,186.09,104.99,411.88
2023-04-21,165.02,285.76,140.54,162.69,106.96,116.01,184.25,104.4,412.2
2023-04-24,165.33,281.77,140.73,163.68,106.21,118.2,184.81,105.41,412.63
2023-04-25,163.77,275.42,137.67,165.18,102.57,116.52,185.75,106.96,406.08
2023-04-26,163.76,295.37,135.23,162.62,104.98,115.45,184.74,105.82,404.36
2023-04-27,168.41,304.83,137.05,163.0,109.82,116.83,184.75,104.77,412.41
2023-04-28,169.68,307.26,138.24,163.7,105.45,118.34,184.8,106.46,415.93
2023-05-01,169.59,305.56,141.2,163.6,102.05,114.67,183.97,103.13,415.51
2023-05-02,168.54,305.41,138.92,165.03,103.63,110.1,187.52,105.7,410.84
2023-05-03,167.45,304.4,135.98,162.87,103.65,107.93,189.11,106.29,408.02
2023-05-04,165.79,305.41,134.12,162.13,104.0,106.04,190.44,105.24,405.13
2023-05-05,173.57,310.65,136.74,162.68,105.655,108.68,187.46,104.89,412.63
2023-05-08,173.5,308.65,137.07,162.31,105.83,109.11,187.69,103.42,412.74
2023-05-09,171.77,307.0,136.41,161.05,106.62,109.14,189.02,103.05,410.93
2023-05-10,173.555,312.31,136.48,161.65,110.19,107.74,188.75,104.05,412.85
2023-05-11,173.75,310.11,136.05,160.99,112.18,105.79,187.13,105.15,412.13
2023-05-12,172.57,308.97,134.1,160.78,110.26,105.78,186.81,104.27,411.59
2023-05-15,172.07,309.46,135.23,159.55,111.2,105.07,187.21,103.19,413.01
2023-05-16,172.07,311.74,134.32,159.34,113.4,102.52,184.87,102.88,410.25
2023-05-17,172.69,314.0,138.45,158.99,115.5,104.82,184.23,102.58,415.23
2023-05-18,175.05,318.52,139.5,158.48,118.15,105.77,181.84,101.82,419.23
2023-05-19,175.16,318.34,139.18,158.91,116.25,106.26,183.64,101.1,418.62
2023-05-22,174.2,321.18,138.03,156.87,115.01,104.97,183.21,100.74,418.79
2023-05-23,171.56,315.26,136.59,156.81,114.99,106.4,183.43,101.03,414.09
2023-05-24,171.84,313.85,135.34,156.66,116.75,107.59,181.95,100.53,411.09
2023-05-25,172.99,325.92,135.67,154.41,115.0,105.66,180.2,100.28,414.65
2023-05-26,175.43,332.89,136.94,154.35,120.11,104.97,180.92,101.09,420.02
2023-05-30,177.3,331.21,137.46,154.37,121.66,104.04,182.04,102.1,420.18
2023-05-31,177.25,328.39,135.71,155.06,120.58,102.18,182.32,102.99,417.85
2023-06-01,180.09,332.58,137.58,154.54,122.77,103.36,183.76,103.12,421.82
2023-06-02,180.95,335.4,140.47,156.97,124.25,105.76,181.05,101.99,427.92
2023-06-05,179.58,335.94,139.09,158.32,125.3,105.29,182.14,101.8,427.1
2023-06-06,179.21,333.68,139.34,158.18,126.61,106.15,182.34,102.4,428.03
2023-06-07,177.82,323.38,140.69,158.52,121.23,108.53,180.15,100.88,426.55
2023-06-08,180.57,325.26,140.73,160.26,124.25,108.19,182.53,102.06,429.13
2023-06-09,180.96,326.79,141.01,160.01,123.43,107.39,182.04,101.92,429.9
2023-06-12,183.79,331.85,141.0,159.9,126.57,106.42,181.88,102.22,433.8
2023-06-13,183.31,334.29,142.02,160.74,126.66,106.44,180.54,101.21,436.66
2023-06-14,183.95,337.34,141.49,161.56,126.42,105.16,180.64,102.02,437.18
2023-06-15,186.01,348.1,143.09,163.73,127.11,105.89,181.91,103.0,442.6
2023-06-16,184.92,342.33,143.26,164.23,125.49,105.13,181.63,102.6,439.46
2023-06-20,185.01,338.05,142.53,164.13,125.78,102.72,179.75,103.31,437.18
2023-06-21,183.96,333.56,142.32,163.88,124.83,103.87,179.49,103.56,434.94
2023-06-22,187.0,339.71,139.58,165.62,130.15,103.3,177.71,102.31,436.51
2023-06-23,186.68,335.02,138.85,165.48,129.33,102.4,178.2,103.33,433.21
2023-06-26,185.27,328.6,139.19,163.63,127.33,104.29,178.51,103.44,431.44
2023-06-27,188.06,334.57,139.2,163.29,129.18,104.55,177.69,103.17,436.17
2023-06-28,189.25,335.85,138.59,162.96,129.04,105.4,177.28,103.61,436.39
2023-06-29,189.59,335.05,143.43,164.1,127.9,106.7,177.09,101.74,438.11
2023-06-30,193.97,340.54,145.44,165.52,130.36,107.25,178.27,102.94,443.28
2023-07-03,192.46,337.99,146.61,163.35,130.22,107.46,178.47,102.08,443.79
2023-07-05,191.33,338.15,144.64,162.81,130.38,106.91,177.84,101.11,443.13
2023-07-06,191.81,341.27,143.21,161.6,128.36,102.92,177.31,99.68,439.66
2023-07-07,190.68,337.22,144.34,159.25,129.78,103.16,178.64,99.08,438.55
2023-07-10,188.61,331.83,145.15,159.51,127.13,104.69,178.78,99.21,439.66
2023-07-11,188.08,332.47,147.42,158.63,128.78,105.97,179.45,99.72,442.46
2023-07-12,189.77,337.2,148.15,158.08,130.8,106.49,181.88,100.83,446.02
2023-07-13,190.54,342.66,148.87,158.81,134.3,104.54,182.01,101.89,449.56
2023-07-14,190.69,345.24,149.77,159.87,134.68,100.94,181.43,101.29,449.28
2023-07-17,193.99,345.73,153.38,159.07,133.56,101.38,181.56,101.34,450.84
2023-07-18,193.73,359.49,153.66,159.06,132.83,100.92,183.64,101.8,454.19
2023-07-19,195.1,355.08,154.25,158.74,135.36,101.62,183.67,102.95,455.2
2023-07-20,193.13,346.87,156.15,168.38,129.96,103.41,182.74,101.7,452.18
2023-07-21,191.94,343.77,154.95,170.19,130.0,103.89,182.18,101.73,452.18
2023-07-24,192.75,345.11,158.0,171.08,128.8,105.52,181.4,101.36,454.2
2023-07-25,193.62,350.98,156.82,172.39,129.13,105.68,182.41,101.17,455.44
2023-07-26,194.5,337.77,157.76,172.72,128.15,105.09,183.3,101.27,455.51
2023-07-27,193.22,330.72,156.02,173.69,128.25,105.42,180.42,99.3,452.49
2023-07-28,195.83,338.37,156.91,174.48,132.21,104.16,181.86,99.81,456.92
2023-07-31,196.45,335.92,157.96,167.53,133.68,107.24,182.35,100.05,457.79
2023-08-01,195.605,336.34,157.18,168.89,131.69,106.62,180.46,98.14,456.48
2023-08-02,192.58,327.5,155.4,169.91,128.21,105.29,179.6,97.09,450.13
2023-08-03,191.17,326.66,156.35,170.64,128.91,107.12,179.54,94.85,448.84
2023-08-04,181.99,327.78,156.02,169.04,139.57,107.42,180.19,96.53,446.81
2023-08-07,178.85,330.11,156.76,173.1,142.22,107.2,179.78,95.58,450.71
2023-08-08,179.8,326.05,155.88,173.18,139.94,107.73,178.64,96.69,448.75
2023-08-09,178.19,322.23,153.79,173.07,137.85,109.56,177.79,97.19,445.75
2023-08-10,177.97,322.93,153.56,172.17,138.56,110.12,177.6,95.59,445.91
2023-08-11,177.79,321.01,154.45,173.85,138.41,111.83,177.6,95.37,445.65
2023-08-14,179.46,324.04,154.77,173.44,140.57,111.92,177.06,95.16,448.11
2023-08-15,177.45,321.86,150.83,172.94,137.67,108.16,176.59,94.58,442.89
2023-08-16,176.57,320.4,150.19,172.39,135.07,106.34,175.57,93.84,439.64
2023-08-17,174.0,316.88,148.63,174.01,133.98,108.4,175.3,93.44,436.29
2023-08-18,174.49,316.48,148.97,172.49,133.22,110.04,175.33,93.77,436.5
2023-08-21,175.84,321.88,149.48,167.35,134.68,108.71,175.81,92.52,439.34
2023-08-22,177.23,322.46,146.38,166.02,134.25,108.1,176.1,93.23,438.15
2023-08-23,181.12,327.0,147.37,164.53,135.52,107.15,177.89,95.54,443.03
2023-08-24,176.38,319.97,147.23,165.09,131.84,106.35,177.85,94.91,436.89
2023-08-25,178.61,322.98,147.05,166.25,133.26,108.25,177.62,95.22,439.97
2023-08-28,180.19,323.7,147.56,164.29,133.14,109.16,178.13,95.32,442.76
2023-08-29,184.12,328.41,148.76,164.31,134.91,109.81,179.87,96.31,449.16
2023-08-30,187.65,328.79,148.16,163.73,135.07,110.88,180.32,96.21,451.01
2023-08-31,187.87,327.76,146.33,161.68,138.01,111.19,180.02,96.64,450.35
2023-09-01,189.46,328.66,146.82,160.48,138.12,113.52,180.11,94.85,451.19
2023-09-05,189.7,333.55,145.2,160.68,137.27,113.53,178.64,93.52,449.24
2023-09-06,182.91,332.88,144.96,158.01,135.36,114.51,177.83,93.75,446.22
2023-09-07,177.56,329.91,143.72,160.03,137.85,113.95,178.02,94.01,444.85
2023-09-08,178.18,334.27,143.83,160.56,138.23,115.61,178.08,94.37,445.52
2023-09-11,179.36,337.94,144.46,162.66,143.1,114.16,178.41,93.69,448.45
2023-09-12,176.3,331.77,146.34,163.58,141.23,117.49,177.49,94.23,445.99
2023-09-13,174.21,336.06,146.41,163.99,144.85,116.44,177.08,94.21,446.51
2023-09-14,175.74,338.7,149.25,163.74,144.72,118.52,177.17,93.53,450.36
2023-09-15,175.01,330.22,148.81,161.45,140.39,116.7,178.34,92.96,443.37
2023-09-18,177.97,329.06,149.12,162.47,139.98,117.64,179.39,93.49,443.63
2023-09-19,179.07,328.65,148.93,162.2,137.63,117.33,179.22,92.8,442.71
2023-09-20,175.49,320.77,148.3,162.91,135.29,116.4,179.35,93.09,438.64
2023-09-21,173.93,319.53,147.14,161.66,129.33,114.76,178.05,90.7,431.39
2023-09-22,174.79,317.01,145.73,160.5,129.12,114.94,178.62,91.43,430.42
2023-09-25,176.08,317.54,146.45,160.26,131.27,116.23,177.7,89.18,432.23
2023-09-26,171.96,312.14,144.93,159.02,125.98,116.41,176.28,88.87,425.88
2023-09-27,170.43,312.79,145.78,157.11,125.98,120.2,174.1,88.41,426.05
2023-09-28,170.69,313.64,147.59,156.88,125.98,119.47,173.23,88.68,428.52
2023-09-29,171.21,315.75,145.02,155.75,127.12,117.58,171.45,88.69,427.48
2023-10-02,173.75,321.8,143.77,155.15,129.46,115.63,169.65,86.93,427.31
2023-10-03,172.4,313.39,142.71,155.34,124.72,115.83,169.16,85.06,421.59
2023-10-04,173.66,318.955,143.35,155.52,127.0,111.5,169.14,86.26,424.66
2023-10-05,174.91,319.36,142.9,157.14,125.96,108.99,168.83,85.83,424.5
2023-10-06,177.49,327.26,145.1,157.64,127.96,107.17,169.7,84.79,429.54
2023-10-09,178.99,329.82,144.77,158.54,128.26,110.92,172.82,86.78,432.29
2023-10-10,178.39,328.39,145.65,158.36,129.48,110.45,172.53,86.66,434.54
2023-10-11,179.8,332.42,146.15,156.18,131.83,106.49,173.79,88.47,436.32
2023-10-12,180.71,331.16,145.81,156.33,132.33,106.47,173.26,86.07,433.66
2023-10-13,178.85,327.73,148.0,156.85,129.79,109.87,178.83,87.61,431.5
2023-10-16,178.72,332.64,147.85,157.53,132.55,109.95,177.96,86.2,436.04
2023-10-17,177.15,332.06,147.53,156.09,131.47,111.39,178.29,85.25,436.02
2023-10-18,175.84,330.11,145.91,152.73,128.13,112.95,180.87,84.5,430.21
2023-10-19,175.46,331.32,145.29,152.32,128.4,113.02,183.09,82.77,426.43
2023-10-20,172.88,326.67,142.95,153.0,125.17,111.08,183.59,83.24,421.19
2023-10-23,173.0,329.32,141.0,151.39,126.56,109.45,182.97,84.24,420.46
2023-10-24,173.44,330.53,141.17,151.23,128.56,108.39,182.95,85.35,423.63
2023-10-25,171.1,340.67,140.4,151.57,121.39,108.59,183.72,83.45,417.55
2023-10-26,166.89,327.89,140.76,149.0,119.57,107.6,184.01,84.73,412.55
2023-10-27,168.22,329.81,135.69,145.6,127.74,105.55,186.15,84.37,410.68
2023-10-30,170.29,337.31,137.42,147.03,132.71,105.88,185.1,83.99,415.59
2023-10-31,170.77,338.11,139.06,148.34,133.09,105.85,184.09,83.58,418.2
2023-11-01,173.97,346.07,138.94,148.69,137.0,105.64,183.51,85.1,422.66
2023-11-02,177.57,348.32,141.42,150.24,138.07,109.11,184.12,87.04,430.76
2023-11-03,176.65,352.8,143.0,151.34,138.6,107.78,184.79,87.63,434.69
2023-11-06,179.23,356.53,144.08,151.7,139.74,105.87,183.35,86.78,435.69
2023-11-07,181.82,360.53,144.01,150.9,142.71,104.21,182.59,88.06,436.93
2023-11-08,182.89,363.2,144.72,150.35,142.08,102.93,180.77,89.56,437.25
2023-11-09,182.41,360.69,144.29,147.42,140.6,102.96,181.49,87.5,433.84
2023-11-10,186.4,369.67,146.43,147.25,143.56,103.75,179.51,87.99,440.61
2023-11-13,184.8,366.68,145.78,147.63,142.59,104.84,180.51,87.79,440.19
2023-11-14,187.44,370.27,148.44,147.66,145.8,104.29,182.12,89.78,448.73
2023-11-15,188.01,369.67,149.74,148.8,143.2,103.66,181.64,88.52,449.68
2023-11-16,189.71,376.17,151.45,150.1,142.83,102.46,183.69,89.62,450.23
2023-11-17,189.69,369.85,152.82,149.79,145.18,104.96,183.67,90.04,450.79
2023-11-20,191.45,377.44,153.29,149.91,146.13,104.5,183.37,90.59,454.26
2023-11-21,190.64,373.07,152.97,151.12,143.9,104.46,185.35,90.55,453.27
2023-11-22,191.31,377.85,153.33,150.82,146.71,104.01,184.56,90.87,455.02
2023-11-24,189.97,377.43,153.54,152.5,146.74,104.57,185.52,89.8,455.3
2023-11-27,189.79,378.61,153.19,151.28,147.73,103.96,186.77,91.3,454.48
2023-11-28,190.4,382.7,153.54,151.63,147.03,103.9,189.26,91.48,454.93
2023-11-29,189.37,378.85,154.32,152.11,146.32,102.34,189.54,92.63,454.61
2023-11-30,189.95,378.91,156.08,154.66,146.09,102.74,188.75,91.56,456.4
2023-12-01,191.24,374.51,156.84,158.38,147.03,102.99,192.01,92.99,459.1
2023-12-04,189.43,369.14,157.99,158.88,144.84,102.43,187.86,92.615,456.69
2023-12-05,193.42,372.52,157.97,158.55,146.88,100.44,187.15,94.61,456.6
2023-12-06,192.32,368.8,156.31,156.62,144.52,99.11,187.84,95.87,454.76
2023-12-07,194.27,370.95,156.79,155.4,146.88,98.42,188.15,95.32,458.23
2023-12-08,195.71,374.23,158.52,154.42,147.42,99.55,185.64,94.54,460.2
2023-12-11,193.18,371.3,159.1,155.06,145.89,99.62,183.59,94.34,461.99
2023-12-12,194.71,374.38,160.52,155.07,147.48,98.05,183.49,94.62,464.1
2023-12-13,197.96,374.37,161.06,155.79,148.84,98.92,187.63,96.84,470.5
2023-12-14,198.11,365.93,163.99,156.87,147.42,101.58,188.73,99.04,472.01
2023-12-15,197.57,370.73,165.23,155.16,149.97,100.9,187.0,99.15,469.33
2023-12-18,195.89,372.65,166.23,155.44,154.07,101.65,187.85,98.36,471.97
2023-12-19,196.94,373.26,168.45,156.46,153.79,102.99,189.13,98.89,474.84
2023-12-20,194.83,370.62,166.55,153.27,152.12,101.27,188.1,99.56,468.26
2023-12-21,194.68,373.54,167.5,154.84,153.84,101.73,189.43,98.93,472.7
2023-12-22,193.6,374.58,167.4,155.46,153.42,101.91,190.27,98.475,473.65
2023-12-26,193.05,374.66,168.39,156.14,153.41,102.14,191.72,98.76,475.65
2023-12-27,193.15,374.07,169.4,156.35,153.34,101.66,192.59,100.51,476.51
2023-12-28,193.58,375.28,170.3,156.58,153.38,100.19,191.47,99.78,476.69
2023-12-29,192.53,376.04,170.1,156.74,151.94,99.98,191.17,98.88,475.31
2024-01-02,185.64,370.87,172.08,159.97,149.93,102.36,190.72,98.31,472.65
2024-01-03,184.25,370.6,171.33,160.97,148.47,103.22,189.13,98.72,468.79
2024-01-04,181.91,367.94,171.41,160.63,144.57,102.32,189.32,97.22,467.28
2024-01-05,181.18,367.75,172.27,161.13,145.24,102.63,189.35,96.29,467.92
2024-01-08,185.56,374.69,172.02,161.53,149.1,100.92,187.87,97.24,474.6
2024-01-09,185.14,375.79,170.66,161.63,151.37,99.67,187.93,96.62,473.88
2024-01-10,186.19,382.77,171.02,161.87,153.73,98.69,187.5,96.17,476.56
2024-01-11,185.59,384.63,170.3,161.15,155.18,98.67,187.87,96.71,476.35
2024-01-12,185.92,388.47,169.05,162.39,154.62,99.95,189.71,96.52,476.68
2024-01-16,183.63,390.27,167.99,160.52,153.16,97.69,187.91,94.82,474.93
2024-01-17,182.68,389.47,167.09,160.43,151.71,96.98,185.84,94.67,472.29
2024-01-18,188.63,393.87,167.42,161.21,153.5,96.8,187.37,93.79,476.49
2024-01-19,191.56,398.67,170.31,161.68,155.34,96.95,187.93,94.09,482.43
2024-01-22,193.89,396.51,170.11,162.47,154.78,96.82,187.22,94.65,483.45
2024-01-23,195.18,398.9,168.99,159.81,156.02,97.91,187.95,93.9,484.86
2024-01-24,194.5,402.56,170.5,158.96,156.87,99.6,186.4,93.35,485.39
2024-01-25,194.17,404.87,172.94,159.56,157.75,102.13,187.14,93.96,488.03
2024-01-26,192.42,403.93,172.28,159.5,159.12,103.0,187.01,93.78,487.41
2024-01-29,191.73,409.72,172.73,159.36,161.26,103.13,188.33,94.86,491.27
2024-01-30,188.04,408.59,176.27,158.77,159.0,104.85,188.59,95.72,490.89
2024-01-31,184.4,397.58,174.36,158.9,155.2,102.81,188.45,96.66,482.88
2024-02-01,186.86,403.78,173.73,158.36,159.28,102.39,190.41,98.24,489.2
2024-02-02,185.85,411.22,174.73,156.61,171.81,101.97,188.61,96.07,494.35
2024-02-05,187.68,405.65,174.5,155.8,170.31,101.55,187.57,94.13,492.55
2024-02-06,189.3,405.49,175.1,158.06,169.15,102.25,188.55,95.05,493.98
2024-02-07,189.41,414.05,175.43,157.98,170.53,102.22,188.5,94.59,498.1
2024-02-08,188.32,414.11,174.8,156.4,169.84,103.97,188.33,94.04,498.32
2024-02-09,188.85,420.55,175.01,156.76,174.45,101.77,187.6,93.85,501.2
2024-02-12,187.15,415.26,175.79,157.85,172.34,103.17,187.11,93.96,500.98
2024-02-13,185.04,406.32,174.26,156.47,168.64,101.34,184.53,92.35,494.08
2024-02-14,184.15,409.49,176.03,155.74,170.98,100.84,184.42,92.82,498.57
2024-02-15,183.86,406.56,179.87,157.92,169.8,103.73,185.66,93.3,502.01
2024-02-16,182.31,404.06,179.03,156.55,169.51,103.73,186.34,92.76,499.51
2024-02-20,181.56,402.79,179.73,157.86,167.08,102.75,187.47,92.84,496.76
2024-02-21,182.32,402.18,180.9,158.68,168.59,104.85,187.48,92.18,497.21
2024-02-22,184.37,411.65,183.07,160.45,174.58,104.76,187.56,92.63,507.5
2024-02-23,182.52,410.34,183.99,161.84,174.99,103.84,188.62,93.87,507.85
2024-02-26,181.16,407.54,183.36,160.79,174.73,104.25,188.2,93.59,505.99
2024-02-27,182.63,407.48,183.45,160.98,173.54,104.03,188.0,92.93,506.93
2024-02-28,181.42,407.72,184.38,161.55,173.16,104.32,188.34,93.52,506.26
2024-02-29,180.75,413.64,186.06,161.38,176.76,104.52,189.31,94.18,508.08
2024-03-01,179.66,415.5,185.29,162.12,178.22,105.84,192.89,94.47,512.85
2024-03-04,175.1,414.92,186.68,159.84,177.58,104.36,196.01,94.09,512.3
2024-03-05,170.12,402.65,188.55,159.97,174.12,105.64,197.19,95.43,507.18
2024-03-06,169.12,402.09,189.53,159.34,173.51,106.77,198.81,95.99,509.75
2024-03-07,169.0,409.14,187.87,158.87,176.82,107.37,199.94,95.9,514.81
2024-03-08,170.73,406.22,188.22,159.52,175.35,108.38,201.63,95.73,511.72
2024-03-11,172.75,404.52,188.29,161.23,171.96,109.02,202.0,95.68,511.28
2024-03-12,173.23,415.28,189.84,162.74,175.39,108.32,199.79,94.88,516.78
2024-03-13,171.13,415.1,191.38,161.1,176.555,109.53,201.19,94.42,515.97
2024-03-14,173.0,425.22,187.97,159.21,178.75,111.47,200.35,92.97,514.95
2024-03-15,172.62,416.42,190.3,158.18,174.42,111.27,199.71,92.94,509.83
2024-03-18,173.72,417.32,192.66,156.76,174.48,112.3,200.03,92.66,512.86
2024-03-19,176.08,421.41,193.79,156.21,175.9,113.09,199.8,92.92,515.71
2024-03-20,178.67,425.23,196.33,155.76,178.15,112.99,202.18,92.89,520.48
2024-03-21,171.37,429.37,199.06,155.75,178.15,113.49,201.97,93.09,522.2
2024-03-22,172.28,428.74,196.62,155.23,178.87,113.49,200.35,93.98,521.21
2024-03-25,170.85,422.86,194.82,155.22,179.71,114.65,200.99,93.51,519.77
2024-03-26,169.71,421.65,195.73,155.77,178.3,113.79,201.64,93.77,518.81
2024-03-27,173.31,421.43,199.52,157.96,179.83,114.97,203.1,94.7,523.17
2024-03-28,171.48,420.72,200.3,158.19,180.38,116.24,205.72,94.62,523.07
2024-04-01,170.03,424.57,198.94,157.78,180.97,116.99,207.82,92.55,522.16
2024-04-02,168.84,421.44,198.86,157.73,180.69,119.28,210.89,92.04,518.84
2024-04-03,169.65,420.45,198.3,154.26,182.41,119.3,212.74,92.02,519.41
2024-04-04,168.82,417.88,195.65,152.5,180.0,119.72,211.52,92.68,513.07
2024-04-05,169.58,425.52,197.45,152.39,185.07,121.37,215.14,91.39,518.43
2024-04-08,168.45,424.59,198.48,151.59,185.19,120.55,216.48,91.38,518.72
2024-04-09,169.67,426.28,197.15,152.29,185.67,121.18,217.67,92.23,519.32
2024-04-10,167.78,423.26,195.47,150.2,185.95,122.2,215.61,90.22,514.12
2024-04-11,175.04,427.93,195.43,148.79,189.05,121.79,219.8,89.81,518.0
2024-04-12,176.55,421.9,182.79,147.52,186.13,120.37,216.89,90.29,510.85
2024-04-15,172.69,413.64,182.89,147.59,183.62,119.68,220.95,88.89,504.45
2024-04-16,169.38,414.58,180.8,144.45,183.32,118.69,221.22,88.3,503.53
2024-04-17,168.0,411.84,180.08,144.77,181.28,118.63,219.59,89.28,500.55
2024-04-18,167.04,404.27,181.25,145.74,179.22,118.52,220.34,88.83,499.52
2024-04-19,165.0,399.12,185.8,147.91,174.63,119.88,221.03,89.15,495.16
2024-04-22,165.84,400.96,189.41,149.12,177.23,120.56,215.57,89.0,499.72
2024-04-23,166.9,407.57,192.14,149.56,179.54,121.03,215.04,89.03,505.65
2024-04-24,169.02,409.06,193.08,148.53,176.59,121.05,214.64,88.4,505.41
2024-04-25,169.89,399.04,193.37,146.82,173.67,121.33,215.92,87.78,503.49
2024-04-26,169.3,406.32,193.49,146.14,179.62,117.96,216.62,88.24,508.26
2024-04-29,173.5,402.25,193.28,146.82,180.96,119.64,216.18,88.98,510.06
2024-04-30,170.33,389.33,191.74,144.59,175.0,118.27,211.87,88.22,501.98
2024-05-01,169.3,394.94,191.86,151.18,179.0,116.03,213.79,88.56,500.35
2024-05-02,173.03,397.84,191.66,149.92,184.72,116.24,213.13,88.94,505.03
2024-05-03,183.38,406.66,190.51,149.27,186.21,116.0,212.96,89.84,511.29
2024-05-06,181.71,413.54,192.0,148.58,188.7,116.75,215.2,90.19,516.57
2024-05-07,182.4,409.34,191.75,148.72,188.76,116.17,214.21,90.74,517.14
2024-05-08,182.74,410.54,195.65,148.95,188.0,116.15,213.58,90.19,517.19
2024-05-09,184.57,412.32,197.5,149.85,189.5,118.44,216.95,90.63,520.17
2024-05-10,183.05,414.74,198.77,149.91,187.48,117.96,218.71,90.12,520.84
2024-05-13,186.28,413.72,198.73,151.22,186.57,117.91,216.26,90.35,520.91
2024-05-14,187.43,416.56,201.51,151.38,187.07,117.67,218.09,90.86,523.3
2024-05-15,189.72,423.08,202.11,152.67,185.99,118.58,220.89,92.1,529.78
2024-05-16,189.84,420.99,202.47,154.28,183.63,117.87,220.03,92.01,528.69
2024-05-17,189.87,420.21,204.79,154.64,184.7,119.64,223.66,91.39,529.45
2024-05-20,191.04,425.34,195.58,151.27,183.54,118.67,224.56,91.12,530.06
2024-05-21,192.35,429.04,199.52,151.24,183.15,117.85,224.23,91.59,531.36
2024-05-22,190.9,430.52,198.31,153.5,183.13,115.48,220.11,91.7,529.83
2024-05-23,186.88,427.0,196.92,149.7,181.05,113.51,215.72,91.11,525.96
2024-05-24,189.98,430.16,200.71,146.97,180.75,113.42,215.92,91.38,529.44
2024-05-28,189.99,430.32,199.5,144.38,182.15,114.86,218.19,90.07,529.81
2024-05-29,190.29,429.17,198.11,144.44,182.02,113.63,216.16,88.98,526.1
2024-05-30,191.29,414.67,199.33,145.28,179.32,113.99,216.57,89.84,522.61
2024-05-31,192.25,415.13,202.63,146.67,176.44,117.26,215.3,90.45,527.37
2024-06-03,194.03,413.52,201.82,147.74,178.34,114.45,217.22,91.6,527.8
2024-06-04,194.35,416.07,199.16,147.8,179.34,112.67,215.27,92.67,528.39
2024-06-05,195.87,424.01,197.26,145.97,181.28,113.12,217.82,93.35,534.67
2024-06-06,194.48,424.52,196.91,146.42,185.0,113.97,219.43,93.21,534.66
2024-06-07,196.89,423.85,199.95,147.08,184.3,112.75,211.6,91.5,534.01
2024-06-10,193.12,427.87,199.61,147.13,187.06,113.08,213.54,90.89,535.66
2024-06-11,207.15,432.68,194.36,146.76,187.23,112.17,214.15,91.83,536.95
2024-06-12,213.07,441.06,191.53,145.41,186.89,110.93,214.72,92.52,541.36
2024-06-13,214.24,441.58,193.66,145.45,183.83,110.04,212.97,93.88,542.45
2024-06-14,212.49,442.57,193.78,145.54,183.66,109.11,215.73,94.67,542.78
2024-06-17,216.67,448.37,194.98,145.95,184.06,108.36,214.61,93.73,547.1
2024-06-18,214.29,446.34,197.0,145.65,182.81,109.38,215.47,94.59,548.49
2024-06-20,209.68,445.7,198.67,147.78,186.1,111.74,218.16,93.96,547.0
2024-06-21,207.49,449.78,196.3,148.75,189.08,110.76,214.78,93.96,544.51
2024-06-24,208.14,447.67,198.88,149.12,185.57,114.05,215.63,94.34,542.74
2024-06-25,209.07,450.95,198.07,147.19,186.34,114.37,214.56,94.5,544.83
2024-06-26,213.25,452.16,197.43,146.82,193.61,114.41,212.58,93.15,545.51
2024-06-27,214.1,452.85,199.17,145.8,197.85,114.9,214.99,93.52,546.37
2024-06-28,210.62,446.95,202.26,146.16,193.25,115.12,215.01,91.78,544.22
2024-07-01,216.75,456.73,205.45,146.44,197.2,114.96,215.57,89.91,545.34
2024-07-02,220.27,459.28,208.83,146.03,200.0,114.18,215.56,90.61,549.01
2024-07-03,221.55,460.77,208.69,145.69,197.59,114.76,217.99,91.8,551.46
2024-07-05,226.34,467.56,204.79,146.48,200.0,113.37,220.93,92.56,554.64
2024-07-08,227.82,466.24,205.17,145.48,199.29,112.18,218.19,92.76,555.28
2024-07-09,228.68,459.54,207.63,147.05,199.34,110.94,218.56,92.35,555.82
2024-07-10,232.98,466.25,207.8,149.43,199.79,111.92,219.36,92.64,561.32
2024-07-11,227.57,454.7,207.45,149.7,195.05,113.25,223.25,93.54,556.48
2024-07-12,230.54,453.55,204.94,149.88,194.49,113.27,223.11,93.94,559.99
2024-07-15,234.4,453.96,210.05,149.24,192.72,115.21,223.83,92.86,561.53
2024-07-16,234.82,449.52,213.62,151.01,193.02,116.04,228.29,94.17,564.86
2024-07-17,228.88,443.52,216.87,156.58,187.93,117.64,227.23,94.19,556.94
2024-07-18,224.18,440.37,209.98,155.42,183.75,118.8,225.78,93.47,552.66
2024-07-19,224.31,437.11,209.78,154.69,183.13,116.07,221.73,92.92,548.99
2024-07-22,223.96,442.94,210.28,154.24,182.55,115.27,221.8,92.65,554.65
2024-07-23,225.01,444.85,210.33,152.35,186.41,113.41,222.58,92.52,553.78
2024-07-24,218.54,428.9,208.59,156.28,180.83,115.01,221.8,91.52,541.23
2024-07-25,217.49,418.4,208.67,159.64,179.85,117.43,218.33,92.27,538.41
2024-07-26,217.96,425.27,212.24,160.64,182.5,117.33,220.63,92.99,544.44
2024-07-29,218.24,426.73,210.85,158.56,183.2,116.1,220.32,93.49,544.76
2024-07-30,218.8,422.92,215.19,161.33,181.71,118.17,222.52,93.85,542.0
2024-07-31,222.08,418.35,212.8,157.85,186.98,118.59,226.55,94.81,550.81
2024-08-01,218.36,417.11,207.96,160.76,184.07,116.95,225.77,95.31,543.01
2024-08-02,219.86,408.49,199.14,164.14,167.9,116.88,225.34,98.28,532.9
2024-08-05,209.27,395.15,194.9,161.25,161.02,114.77,222.48,98.8,517.38
2024-08-06,207.23,399.61,200.34,158.97,161.93,114.16,220.7,96.59,522.15
2024-08-07,209.82,398.43,200.4,158.9,162.77,115.68,220.55,95.91,518.66
2024-08-08,213.31,402.69,204.06,160.22,165.8,117.89,224.01,95.32,530.65
2024-08-09,216.24,406.02,205.8,160.62,166.94,118.85,224.56,96.26,532.99
2024-08-12,217.53,406.81,206.19,159.88,166.8,119.0,228.41,96.61,533.27
2024-08-13,221.27,414.01,207.94,158.39,170.23,117.86,228.06,97.28,542.04
2024-08-14,221.72,416.86,210.24,158.48,170.1,118.95,226.2,97.89,543.75
2024-08-15,224.72,421.03,211.55,159.09,177.59,118.73,226.91,97.1,553.07
2024-08-16,226.05,418.47,213.97,159.39,177.06,118.17,231.99,97.44,554.31
2024-08-19,225.89,421.53,215.45,159.63,178.22,118.53,231.61,97.89,559.61
2024-08-20,226.51,424.8,214.52,160.16,178.88,114.58,232.46,98.67,558.7
2024-08-21,226.4,424.14,214.6,161.43,180.11,113.85,232.15,98.73,560.62
2024-08-22,224.53,415.55,216.63,162.35,176.13,114.73,229.37,97.75,556.22
2024-08-23,226.84,416.79,218.31,164.13,177.04,116.32,232.02,98.39,562.13
2024-08-26,227.18,413.49,219.17,164.61,175.5,118.81,232.76,98.14,560.79
2024-08-27,228.03,413.84,220.18,162.95,173.12,117.68,233.39,97.97,561.56
2024-08-28,226.49,410.6,221.29,163.92,170.8,116.52,231.75,97.85,558.3
2024-08-29,229.79,413.12,222.21,164.23,172.12,118.13,232.95,97.53,558.35
2024-08-30,229.0,417.14,224.8,165.86,178.5,117.94,231.29,96.49,563.68
2024-09-03,222.77,409.44,220.3,167.16,176.25,115.47,230.29,97.75,552.08
2024-09-04,220.85,408.9,219.33,167.36,173.33,114.06,230.43,99.01,550.95
2024-09-05,222.38,408.39,217.63,164.99,177.89,113.17,232.35,99.57,549.61
2024-09-06,220.82,401.7,212.46,164.38,171.39,112.64,230.63,99.56,540.36
2024-09-09,220.91,405.72,216.81,166.61,175.4,115.01,231.6,99.99,546.41
2024-09-10,220.11,414.2,205.56,167.38,179.55,110.82,232.62,100.69,548.79
2024-09-11,222.66,423.04,207.23,164.82,184.52,109.72,232.25,100.61,554.42
2024-09-12,222.77,427.0,206.6,164.64,187.0,111.23,236.33,100.14,559.09
2024-09-13,222.5,430.59,204.32,165.52,186.49,111.15,238.68,100.41,562.01
2024-09-16,216.32,431.34,207.86,166.99,184.89,112.71,238.66,101.33,562.84
2024-09-17,216.79,435.15,209.25,167.07,186.88,114.18,237.34,100.84,563.07
2024-09-18,220.69,430.81,207.53,166.15,186.43,114.58,235.51,99.59,561.4
2024-09-19,228.87,438.69,210.48,164.82,189.87,116.0,239.17,99.26,570.98
2024-09-20,228.2,435.27,211.09,164.16,191.6,115.27,242.21,98.88,568.25
2024-09-23,226.47,433.51,211.44,163.22,193.88,117.36,242.68,98.67,569.67
2024-09-24,227.37,429.17,211.59,162.78,193.96,117.05,246.07,98.65,571.3
2024-09-25,226.37,432.11,210.19,160.6,192.53,114.77,245.73,97.83,570.04
2024-09-26,227.52,431.31,209.78,161.39,191.16,112.8,246.98,98.06,572.3
2024-09-27,227.79,428.02,210.5,161.4,187.97,115.82,245.02,98.57,571.47
2024-09-30,233.0,430.3,210.86,162.06,186.33,117.22,243.06,98.1,573.76
2024-10-01,226.21,420.69,207.04,161.99,185.13,119.93,245.61,98.49,568.62
2024-10-02,226.78,417.13,207.29,161.17,184.76,121.52,245.66,97.66,568.86
2024-10-03,225.67,416.54,205.23,160.5,181.96,122.58,245.49,96.74,567.82
2024-10-04,226.8,416.06,211.22,160.29,186.51,124.83,245.0,95.55,572.98
2024-10-07,221.69,409.54,210.93,159.53,180.8,125.37,244.17,94.83,567.8
2024-10-08,225.77,414.71,210.75,159.69,182.72,122.04,242.37,94.99,573.17
2024-10-09,229.54,417.46,213.42,160.65,185.17,122.09,241.05,94.45,577.14
2024-10-10,229.04,415.84,212.84,160.51,186.65,123.14,242.82,94.08,576.13
2024-10-11,227.55,416.32,222.29,161.46,188.82,123.61,245.47,93.7,579.58
2024-10-14,231.3,419.14,221.48,161.6,187.54,124.08,245.07,93.765,584.32
2024-10-15,233.85,418.74,222.39,164.1,187.69,120.35,245.92,94.91,579.78
2024-10-16,231.78,416.12,223.64,164.28,186.89,120.66,247.15,95.31,582.3
2024-10-17,232.15,416.72,224.42,164.47,187.53,120.35,248.63,93.8,582.35
2024-10-18,235.0,418.16,225.37,165.12,188.99,120.01,251.27,93.87,584.59
2024-10-21,236.48,418.78,223.0,162.83,189.07,120.08,251.22,92.23,583.63
2024-10-22,235.86,427.51,224.12,163.45,189.7,120.7,253.93,92.32,583.32
2024-10-23,230.76,424.6,223.41,165.86,184.71,120.27,250.87,92.07,577.99
2024-10-24,230.57,424.73,224.98,163.67,186.38,119.59,252.8,92.66,579.24
2024-10-25,231.41,428.15,222.31,160.88,187.83,119.49,253.32,92.14,579.04
2024-10-28,233.4,426.59,225.5,161.6,188.39,118.9,253.33,91.89,580.83
2024-10-29,233.67,431.95,222.9,160.09,190.83,117.28,256.09,92.03,581.77
2024-10-30,230.1,432.53,224.41,160.61,192.73,116.69,257.5,92.3,580.01
2024-10-31,225.91,406.35,221.92,159.86,186.4,116.78,253.51,92.45,568.64
2024-11-01,222.91,410.37,222.94,160.13,197.93,114.95,252.47,90.84,571.04
2024-11-04,222.01,408.46,219.78,158.24,195.78,118.61,252.83,92.25,569.81
2024-11-05,223.45,411.46,221.49,158.35,199.5,118.96,253.4,92.74,576.7
2024-11-06,222.72,420.18,247.06,157.88,207.09,121.0,245.7,90.2,591.04
2024-11-07,227.48,425.43,236.38,156.73,210.05,121.15,249.65,91.33,595.61
2024-11-08,226.96,422.54,236.98,155.47,208.18,121.11,247.96,92.49,598.19
2024-11-11,224.23,418.01,239.29,155.04,206.84,120.47,242.14,92.04,598.76
2024-11-12,224.23,423.03,239.56,152.64,208.91,120.35,240.05,90.66,596.9
2024-11-13,225.12,425.2,241.16,153.24,214.1,121.47,237.63,89.8,597.19
2024-11-14,228.22,426.89,241.87,151.87,211.48,120.56,237.01,90.32,593.35
2024-11-15,225.0,415.0,245.31,154.0,202.61,119.31,236.59,90.08,585.75
2024-11-18,228.02,415.76,245.03,154.77,201.7,120.31,241.09,90.24,588.15
2024-11-19,228.28,417.79,243.09,153.0,204.61,118.63,243.25,90.7,590.3
2024-11-20,229.0,415.49,240.78,153.11,202.88,120.32,244.62,90.41,590.5
2024-11-21,228.52,412.87,244.76,155.5,198.38,121.93,246.66,90.34,593.67
2024-11-22,229.87,417.0,248.55,155.17,197.12,121.79,249.84,90.39,595.51
2024-11-25,232.87,418.79,250.29,155.78,201.45,119.97,242.48,92.73,597.53
2024-11-26,235.06,427.99,249.97,154.52,207.86,117.97,242.95,92.37,600.65
2024-11-27,234.93,422.99,249.79,155.4,205.74,117.66,243.49,93.01,598.83
2024-11-29,237.33,423.46,249.72,155.01,207.89,117.96,245.59,93.97,602.55
2024-12-02,239.59,430.98,246.25,154.8,210.71,117.85,243.44,93.87,603.63
2024-12-03,242.65,431.2,244.82,152.36,213.44,117.67,243.93,93.06,603.91
2024-12-04,243.01,437.42,243.4,150.47,218.16,114.28,244.67,94.06,607.66
2024-12-05,243.04,442.62,245.48,149.52,220.55,114.78,242.86,94.25,606.66
2024-12-06,242.84,443.57,247.36,149.31,227.03,113.57,242.95,94.39,607.81
2024-12-09,246.75,446.02,243.81,149.6,226.09,112.9,245.36,93.52,604.68
2024-12-10,247.77,443.33,242.86,149.23,225.04,112.67,248.59,93.08,602.8
2024-12-11,246.49,448.99,243.53,146.64,230.26,111.92,250.96,92.2,607.46
2024-12-12,247.96,449.56,241.53,146.24,228.97,111.82,247.28,91.08,604.33
2024-12-13,248.13,447.27,239.94,146.62,227.46,110.84,244.29,90.15,604.21
2024-12-16,251.04,451.59,239.58,143.85,232.93,108.47,244.88,90.42,606.79
2024-12-17,253.48,454.46,238.36,146.41,231.15,108.01,243.94,90.64,604.29
2024-12-18,248.05,437.39,230.37,144.75,220.52,106.42,239.26,89.16,586.28
2024-12-19,249.79,437.03,232.96,143.58,223.29,105.51,239.6,87.81,586.1
2024-12-20,254.49,436.6,237.6,144.47,224.92,105.87,242.1,88.31,591.15
2024-12-23,255.27,435.25,238.39,145.27,225.06,106.3,240.96,87.5,594.69
2024-12-24,258.2,439.33,242.31,145.85,229.05,106.4,241.44,87.87,601.3
2024-12-26,259.02,438.11,243.14,145.58,227.05,106.49,243.07,87.82,601.34
2024-12-27,255.59,430.53,241.17,145.05,223.75,106.48,241.4,87.1,595.01
2024-12-30,252.2,424.83,239.32,143.34,221.3,105.76,240.63,87.8,588.22
2024-12-31,250.42,421.5,239.71,144.62,219.39,107.57,242.13,87.33,586.08
2025-01-02,243.85,418.58,240.0,144.02,220.22,107.31,245.42,87.57,584.64
2025-01-03,243.36,423.35,243.28,144.19,224.19,107.86,243.49,87.29,591.95
2025-01-06,245.0,427.85,240.85,143.66,227.61,107.74,243.19,86.9,595.36
2025-01-07,242.21,422.37,243.17,146.23,222.11,108.75,244.56,85.92,588.63
2025-01-08,242.7,424.56,243.13,142.27,222.13,106.93,245.86,86.03,589.49
2025-01-10,236.85,418.95,239.87,142.06,218.94,106.54,248.21,85.46,580.49
2025-01-13,234.4,417.19,244.21,144.47,218.46,109.29,245.74,85.43,581.39
2025-01-14,233.28,415.67,247.47,144.75,217.76,109.72,247.03,85.29,582.19
2025-01-15,237.87,426.31,252.35,144.97,223.35,111.51,248.88,86.76,592.78
2025-01-16,228.26,424.58,254.27,147.77,220.66,111.32,250.6,87.04,591.64
2025-01-17,229.98,429.03,259.16,147.03,225.94,112.32,249.27,87.19,597.58
2025-01-21,222.64,428.5,263.03,148.15,230.71,111.47,253.13,87.97,603.05
2025-01-22,223.83,446.2,262.84,145.27,235.01,109.53,254.43,87.51,606.44
2025-01-23,223.66,446.71,265.95,146.64,235.42,110.15,254.07,86.83,609.75
2025-01-24,222.78,444.06,264.84,146.82,234.85,108.66,255.65,87.22,607.97
2025-01-27,229.86,434.56,265.85,152.89,235.42,110.17,252.99,88.25,599.37
2025-01-28,238.26,447.2,267.14,150.38,238.15,108.04,255.18,88.19,604.52
2025-01-29,239.36,442.33,266.58,151.15,237.07,108.67,254.2,88.01,601.81
2025-01-30,237.59,414.99,268.23,152.87,234.64,109.57,258.05,88.34,605.04
2025-01-31,236.0,415.06,267.3,152.15,237.68,106.83,258.56,87.76,601.82
2025-02-03,228.01,410.92,266.81,151.87,237.42,107.09,259.94,88.16,597.77
2025-02-04,232.8,412.37,267.94,153.49,242.06,109.96,262.5,88.43,601.78
2025-02-05,232.47,413.29,270.43,154.69,236.17,109.88,264.13,89.89,604.22
2025-02-06,233.22,415.82,276.9,153.51,238.83,108.43,263.43,89.85,606.32
2025-02-07,227.63,409.75,275.8,153.12,229.15,108.89,263.9,89.27,600.77
2025-02-10,227.65,412.22,271.04,154.24,233.14,110.97,268.37,89.0,604.85
2025-02-11,232.62,411.44,274.99,156.13,232.76,111.67,267.39,88.43,605.31
2025-02-12,236.87,409.04,275.45,155.26,228.93,107.35,267.67,87.23,603.36
2025-02-13,241.53,410.54,276.32,157.25,230.37,108.13,270.31,88.68,609.73
2025-02-14,244.6,408.43,276.59,156.15,228.68,108.24,266.29,89.15,609.7
2025-02-18,244.47,409.64,279.95,154.99,226.65,110.14,270.7,88.1,611.49
2025-02-19,244.87,414.77,279.25,157.89,226.63,110.3,270.85,88.21,612.93
2025-02-20,245.83,416.13,266.8,159.68,222.88,112.0,270.99,88.54,610.38
2025-02-21,245.55,408.21,264.24,162.3,216.58,110.69,270.74,89.61,599.94
2025-02-24,247.1,404.0,261.34,163.74,212.71,111.27,272.21,89.87,597.21
2025-02-25,247.04,397.9,257.4,166.09,212.8,109.73,268.62,91.42,594.24
2025-02-26,240.36,399.73,258.79,163.08,214.35,109.46,269.03,91.96,594.54
2025-02-27,237.3,392.53,259.05,163.73,208.74,110.15,264.93,91.31,585.05
2025-02-28,241.84,396.99,264.65,165.02,212.28,111.33,263.27,92.43,594.18
2025-03-03,238.03,388.49,260.62,167.28,205.02,107.76,266.74,92.57,583.77
2025-03-04,235.93,388.61,250.25,165.42,203.8,107.54,269.06,91.43,576.86
2025-03-05,235.74,401.02,251.53,165.12,208.36,105.44,269.62,90.7,583.06
2025-03-06,235.33,396.89,246.54,165.83,200.7,107.62,268.25,90.4,572.71
2025-03-07,239.07,393.31,242.28,166.69,199.25,109.02,268.39,90.11,575.92
2025-03-10,227.48,380.16,232.22,167.7,194.54,111.8,266.04,91.05,560.58
2025-03-11,220.84,380.45,229.14,165.86,196.59,109.16,269.16,90.4,555.92
2025-03-12,216.98,383.27,227.9,162.85,198.89,109.13,270.33,89.86,558.87
2025-03-13,209.68,378.77,225.19,162.99,193.89,108.67,275.13,90.65,551.42
2025-03-14,213.49,388.56,232.44,162.81,197.95,111.9,275.24,90.17,562.81
2025-03-17,214.0,388.7,233.93,162.84,195.74,113.76,276.73,90.62,567.15
2025-03-18,212.69,383.52,234.97,164.25,192.82,113.64,279.96,90.71,561.02
2025-03-19,215.24,387.82,239.11,162.99,195.54,115.41,281.11,91.18,567.13
2025-03-20,214.1,386.84,239.01,163.02,194.95,115.9,280.75,91.24,565.49
2025-03-21,218.27,391.26,241.63,163.63,196.21,115.5,278.49,90.7,563.98
2025-03-24,220.73,393.08,248.06,163.29,203.26,115.8,277.25,89.77,574.08
2025-03-25,223.75,395.16,251.13,161.02,205.71,116.59,278.47,89.76,575.46
2025-03-26,221.53,389.97,251.03,161.72,201.13,118.27,278.24,89.17,568.59
2025-03-27,223.85,390.58,248.12,163.13,201.36,117.89,281.97,88.91,567.08
2025-03-28,217.9,378.8,242.85,163.71,192.72,117.73,284.06,90.14,555.66
2025-03-31,222.13,375.39,245.3,165.84,190.26,118.93,288.14,91.03,559.39
2025-04-01,223.19,382.19,243.66,153.25,192.17,119.04,287.57,91.49,560.97
2025-04-02,223.89,382.14,245.82,155.36,196.01,118.67,288.16,91.43,564.52
2025-04-03,203.19,373.11,228.69,159.82,178.41,112.43,286.42,91.85,536.7
2025-04-04,188.38,359.84,210.28,153.24,171.0,104.34,279.72,92.85,505.28
2025-04-07,181.46,357.86,214.44,150.62,175.26,102.94,273.71,90.05,504.38
2025-04-08,172.42,354.56,216.87,150.0,170.66,100.77,275.2,88.35,496.48
2025-04-09,198.85,390.49,234.34,150.97,191.1,105.8,285.38,88.87,548.62
2025-04-10,190.42,381.35,227.11,148.69,181.22,99.93,292.35,86.42,524.58
2025-04-11,198.15,388.45,236.2,151.73,184.87,103.14,297.93,86.89,533.94
2025-04-14,202.52,387.81,234.72,154.36,182.12,103.39,296.23,87.51,539.12
2025-04-15,202.14,385.73,233.13,153.62,179.59,103.1,297.78,87.82,537.61
2025-04-16,194.27,371.61,229.61,153.91,174.33,104.19,307.47,88.31,525.66
2025-04-17,196.98,367.78,231.96,157.47,172.61,106.92,306.12,87.53,526.41
2025-04-21,193.16,359.12,228.99,156.92,167.32,105.35,315.59,86.0,513.88
2025-04-22,199.74,366.82,235.59,157.75,173.18,108.3,311.11,86.48,527.25
2025-04-23,204.6,374.39,240.88,155.38,180.6,107.37,303.65,87.32,535.42
2025-04-24,208.37,387.3,244.64,154.93,186.54,108.63,308.07,88.24,546.69
2025-04-25,209.28,391.85,243.55,154.58,188.99,108.57,304.73,88.89,550.64
2025-04-28,210.14,391.16,243.22,155.35,187.7,108.63,309.07,89.45,550.85
2025-04-29,211.21,394.04,244.62,155.91,187.39,108.36,306.06,90.2,554.32
2025-04-30,212.5,395.26,244.62,156.31,184.42,105.63,303.77,89.47,554.54
2025-05-01,213.32,425.4,246.89,154.46,190.2,105.78,297.46,88.69,558.47
2025-05-02,205.35,435.28,252.51,156.12,189.98,106.21,297.98,87.73,566.76
2025-05-05,198.89,436.17,252.56,155.0,186.35,103.27,306.88,87.24,563.51
2025-05-06,198.51,433.31,249.25,154.47,185.01,104.71,315.48,87.53,558.8
2025-05-07,196.25,433.35,249.39,157.3,188.71,104.61,310.75,87.9,561.15
2025-05-08,197.49,438.17,253.47,155.66,192.08,106.07,304.63,86.92,565.06
2025-05-09,198.53,438.73,253.08,154.22,193.06,107.31,306.84,87.05,564.34
2025-05-12,210.79,449.26,260.05,154.14,208.64,109.16,298.19,86.24,582.99
2025-05-13,212.93,449.14,263.01,148.44,211.37,109.46,299.46,85.89,586.84
2025-05-14,212.33,452.94,265.64,146.36,210.25,108.48,293.16,85.32,587.59
2025-05-15,211.45,453.13,267.49,149.61,205.17,108.58,297.84,86.07,590.46
2025-05-16,211.26,454.27,267.56,151.33,205.59,108.19,294.24,86.3,594.2
2025-05-19,208.78,458.87,264.88,152.49,206.16,106.47,298.03,86.05,594.85
2025-05-20,206.86,458.17,265.68,153.66,204.07,104.95,303.58,85.43,592.85
2025-05-21,202.09,452.57,261.04,153.18,201.12,103.66,305.82,83.97,582.86
2025-05-22,201.36,454.86,260.67,152.61,203.1,102.97,303.11,84.41,583.09
2025-05-23,195.27,450.18,260.71,152.94,200.99,103.03,309.75,84.55,579.11
2025-05-27,200.21,460.69,265.29,153.25,206.02,103.52,304.5,85.73,591.15
2025-05-28,200.42,457.36,263.49,152.43,204.72,102.11,303.81,85.36,587.73
2025-05-29,199.95,458.68,264.37,153.58,205.7,102.69,305.61,86.15,590.05
2025-05-30,200.85,460.36,264.0,155.21,205.01,102.3,303.6,86.28,589.39
2025-06-02,201.7,461.97,264.66,155.4,206.65,103.05,311.67,85.16,592.71
2025-06-03,203.27,462.97,266.27,154.42,205.71,103.8,308.91,85.01,596.09
2025-06-04,202.82,463.87,264.22,153.22,207.23,102.3,310.9,86.39,595.93
2025-06-05,200.63,467.68,261.95,153.66,207.91,101.83,309.33,86.45,593.05
2025-06-06,203.92,470.38,265.73,155.03,213.57,104.27,305.18,85.35,599.14
2025-06-09,201.45,472.75,266.74,155.23,216.98,104.97,306.62,85.44,599.68
2025-06-10,202.67,470.92,268.6,156.45,217.61,107.22,306.71,85.88,603.08
2025-06-11,198.78,472.62,268.15,155.26,213.2,109.31,308.37,86.14,601.36
2025-06-12,199.2,478.87,268.24,156.66,213.24,109.73,312.2,87.17,603.75
2025-06-13,196.45,474.96,264.95,157.1,212.1,112.12,316.29,86.33,597.0
2025-06-16,198.42,479.14,270.36,155.22,216.1,112.48,311.78,85.46,602.68
2025-06-17,195.64,478.04,269.52,152.38,214.82,114.0,311.94,86.5,597.53
2025-06-18,196.58,480.24,273.96,150.73,212.52,113.19,310.26,86.65,597.44
2025-06-20,201.0,477.4,275.0,149.79,209.69,114.7,310.13,86.49,594.28
2025-06-23,201.5,486.0,278.27,151.32,208.47,111.74,311.08,86.77,600.15
2025-06-24,200.3,490.11,281.26,152.19,212.77,108.34,306.19,87.4,606.78
2025-06-25,201.56,492.27,284.06,152.28,211.99,108.37,307.12,87.51,607.12
2025-06-26,201.0,497.45,288.75,152.01,217.12,109.99,306.78,87.95,611.87
2025-06-27,201.08,495.94,287.11,152.41,223.3,109.38,301.22,87.39,614.91
2025-06-30,205.17,497.41,289.91,152.75,219.39,107.8,304.83,88.25,617.85
2025-07-01,207.82,492.05,290.41,155.92,220.46,109.24,307.55,88.14,617.65
2025-07-02,212.44,491.09,292.0,155.56,219.92,111.05,309.25,87.58,620.45
2025-07-03,213.55,498.84,296.0,156.01,223.41,112.2,307.14,86.97,625.34
2025-07-07,209.95,497.72,291.97,155.27,223.47,111.11,307.37,86.14,620.68
2025-07-08,210.01,496.62,282.78,155.79,219.36,114.19,304.16,86.03,620.34
2025-07-09,211.14,503.51,283.16,156.28,222.54,113.8,305.52,86.93,624.06
2025-07-10,212.41,501.48,288.19,157.69,222.26,114.93,306.2,86.99,625.82
2025-07-11,211.16,503.32,286.86,156.9,225.02,115.43,309.14,85.79,623.62
2025-07-14,208.62,503.02,288.7,156.82,225.69,113.92,308.01,85.61,624.81
2025-07-15,209.11,505.82,286.55,155.17,226.35,112.91,306.73,85.01,622.14
2025-07-16,210.16,505.62,285.82,164.78,223.19,112.23,308.26,85.13,624.22
2025-07-17,210.02,511.7,289.9,162.98,223.88,111.66,307.59,85.11,628.04
2025-07-18,211.18,510.05,291.27,163.7,226.13,107.77,308.39,85.24,627.58
2025-07-21,212.48,510.06,290.97,164.36,229.3,108.05,313.13,86.0,628.77
2025-07-22,214.4,505.27,291.43,167.93,227.47,108.54,316.1,86.52,628.86
2025-07-23,214.15,505.87,296.76,169.1,228.29,109.93,312.18,86.04,634.21
2025-07-24,213.76,510.88,296.55,169.56,232.23,110.79,310.27,85.89,634.42
2025-07-25,213.88,513.71,298.62,168.3,231.44,110.4,307.4,86.43,637.1
2025-07-28,214.05,512.5,298.28,166.22,232.79,111.44,305.41,85.87,636.94
2025-07-29,211.27,512.57,297.04,168.11,231.01,112.88,306.25,87.32,635.26
2025-07-30,209.05,513.24,299.63,167.26,230.19,111.9,300.96,86.87,634.46
2025-07-31,207.57,533.5,296.24,164.74,234.11,111.64,302.96,86.92,632.08
2025-08-01,202.38,524.11,289.37,167.33,214.75,109.64,309.11,87.82,621.72
2025-08-04,203.35,535.64,294.26,171.04,211.65,107.37,310.91,88.06,631.17
2025-08-05,202.92,527.75,291.37,170.74,213.75,107.24,311.16,88.33,627.97
2025-08-06,213.25,524.94,291.35,170.59,222.31,106.51,310.5,87.82,632.78
2025-08-07,220.03,520.84,286.94,171.53,223.13,105.95,313.12,87.67,632.25
2025-08-08,229.35,522.04,288.76,173.33,222.69,106.8,313.05,87.29,637.18
2025-08-11,227.18,521.77,289.56,173.82,221.3,105.83,308.55,87.39,635.92
2025-08-12,229.65,529.24,292.85,172.78,221.47,106.13,308.27,86.95,642.69
2025-08-13,233.33,520.58,290.53,174.42,224.56,107.6,309.21,87.67,644.89
2025-08-14,232.78,522.48,294.16,174.72,230.98,107.38,307.25,87.02,644.95
2025-08-15,231.59,520.17,290.49,176.64,231.03,106.49,307.43,86.4,643.44
2025-08-18,230.89,517.1,291.53,176.25,231.49,106.72,306.95,86.15,643.3
2025-08-19,230.56,509.77,290.66,177.8,228.01,107.42,305.27,86.65,639.81
2025-08-20,226.01,505.72,292.24,178.84,223.81,108.53,308.36,86.84,638.11
2025-08-21,224.9,504.24,291.47,178.93,221.95,109.23,307.29,86.41,635.55
2025-08-22,227.76,507.23,296.24,179.29,228.84,111.28,310.58,87.05,645.31
2025-08-25,227.16,504.26,294.9,178.41,227.94,111.74,309.83,86.8,642.47
2025-08-26,229.31,502.04,298.57,176.49,228.71,111.49,312.08,86.75,645.16
2025-08-27,230.49,506.74,299.28,176.79,229.12,112.75,312.71,86.65,646.63
2025-08-28,232.56,509.64,301.07,175.45,231.6,113.35,315.03,87.22,648.92
2025-08-29,232.14,506.69,301.42,177.17,229.0,114.29,318.07,86.6,645.05
2025-09-02,229.72,505.12,299.7,178.06,225.34,114.69,325.59,85.63,640.27
2025-09-03,238.47,505.35,299.51,178.0,225.99,111.91,328.14,86.57,643.74
2025-09-04,239.78,507.97,303.82,178.76,235.68,112.4,326.69,87.23,649.12
2025-09-05,239.69,495.0,294.38,178.43,232.33,109.23,331.05,88.56,647.24
2025-09-08,237.88,498.2,292.91,178.13,235.84,109.85,334.82,89.74,648.83
2025-09-09,234.35,498.41,297.85,176.96,238.24,110.65,334.06,89.23,650.33
2025-09-10,226.79,500.37,300.54,175.79,230.33,112.5,335.26,89.74,652.21
2025-09-11,230.03,501.01,305.56,178.5,229.95,112.14,334.76,90.34,657.63
2025-09-12,234.07,509.9,306.91,178.06,228.15,112.16,335.42,89.95,657.41
2025-09-15,236.7,515.36,308.9,177.4,231.43,112.35,338.91,90.16,660.91
2025-09-16,238.15,509.04,309.19,176.46,234.05,114.68,339.59,90.35,660.0
2025-09-17,238.99,510.02,311.75,177.2,231.62,115.29,336.97,90.12,659.18
2025-09-18,237.88,508.45,313.23,174.16,231.23,113.93,335.62,89.19,662.26
2025-09-19,245.5,517.93,314.78,176.19,231.48,112.82,339.18,89.02,663.7
2025-09-22,256.08,514.45,312.44,174.21,227.63,112.02,345.05,88.7,666.84
2025-09-23,254.43,509.23,312.74,176.58,220.71,113.95,346.46,89.32,663.21
2025-09-24,252.31,510.15,313.42,176.69,220.21,114.56,343.32,88.98,661.1
2025-09-25,256.87,507.03,313.45,177.73,218.15,115.59,344.75,88.98,658.05
2025-09-26,255.46,511.46,316.06,179.71,219.78,117.22,346.74,88.9,661.82
2025-09-29,254.43,514.6,315.69,181.62,222.17,114.22,352.46,89.63,663.68
2025-09-30,254.63,517.95,315.43,185.42,219.57,112.75,355.47,89.37,666.18
2025-10-01,255.45,519.71,310.71,186.05,220.63,111.99,356.03,89.29,668.45
2025-10-02,257.13,515.74,307.55,185.98,222.41,111.29,354.79,89.55,669.22
2025-10-03,258.02,517.35,310.03,188.64,219.51,113.26,357.64,89.38,669.21
2025-10-06,256.69,528.57,309.18,188.16,220.9,114.2,364.38,88.67,671.61
2025-10-07,256.48,523.98,307.69,188.89,221.78,114.26,366.26,89.18,669.12
2025-10-08,258.06,524.85,304.03,189.69,225.22,114.02,372.3,89.25,673.11
2025-10-09,254.04,522.4,305.53,191.08,227.74,112.91,365.43,89.18,671.16
2025-10-10,245.27,510.96,300.89,190.72,216.37,110.73,369.12,90.62,653.02
2025-10-13,247.66,514.05,307.97,190.9,220.07,112.24,378.09,90.57,663.04
2025-10-14,247.77,513.57,302.08,190.85,216.39,112.29,380.79,90.86,662.23
2025-10-15,249.34,513.43,305.69,191.17,215.57,111.61,387.39,90.66,665.17
2025-10-16,247.45,511.61,298.54,192.12,214.47,110.64,396.45,91.34,660.64
2025-10-17,252.29,513.58,297.56,193.22,213.04,112.24,388.99,91.2,664.39
2025-10-20,262.24,516.79,302.36,193.72,216.48,112.7,403.15,91.55,671.3
2025-10-21,262.77,517.66,297.09,191.88,222.03,112.71,377.24,92.0,671.29
2025-10-22,258.45,520.54,294.11,192.94,217.95,114.71,377.28,92.06,667.8
2025-10-23,259.58,520.56,294.54,192.47,221.09,115.98,378.79,91.43,671.76
2025-10-24,262.82,523.61,300.44,190.4,224.21,115.39,377.52,91.47,677.25
2025-10-27,268.81,531.52,304.15,190.3,226.97,115.94,367.01,91.78,685.24
2025-10-28,269.0,542.07,305.36,186.93,229.25,115.03,364.38,92.02,687.06
2025-10-29,269.7,541.55,305.51,186.6,230.3,116.45,363.0,91.09,687.39
2025-10-30,271.4,525.76,309.44,189.05,222.86,114.69,370.13,90.56,679.83
2025-10-31,270.37,517.81,311.12,188.87,244.22,114.36,368.12,90.29,682.06
2025-11-03,269.05,517.03,309.35,186.26,254.0,113.76,368.78,89.74,683.34
2025-11-04,270.04,514.33,309.25,186.86,249.32,114.14,362.32,89.94,675.24
2025-11-05,270.14,507.16,311.68,186.0,250.2,113.68,366.51,88.96,677.58
2025-11-06,269.77,497.1,313.42,186.97,243.04,114.5,366.07,89.76,670.31
2025-11-07,268.47,496.82,314.21,186.57,244.41,117.22,368.31,89.57,670.97
2025-11-10,269.43,506.0,316.89,188.41,248.4,118.22,378.38,89.55,681.44
2025-11-11,275.25,508.68,315.62,193.83,249.1,119.78,379.87,89.96,683.0
2025-11-12,273.47,511.14,320.41,194.39,244.2,118.12,385.99,90.12,683.38
2025-11-13,272.95,503.29,309.48,195.25,237.58,118.79,382.87,89.38,672.04
2025-11-14,272.41,510.18,303.61,195.93,234.69,119.29,375.96,88.87,671.93
2025-11-17,267.46,507.49,300.37,199.58,232.87,117.68,371.65,89.09,665.67
2025-11-18,267.44,493.79,299.41,200.0,222.55,119.03,374.35,89.06,660.08
2025-11-19,268.56,487.12,303.27,202.51,222.69,117.35,374.96,88.88,662.63
2025-11-20,266.25,478.43,298.38,203.07,217.14,117.02,374.85,89.23,652.53
2025-11-21,271.49,472.12,298.02,203.9,220.69,117.08,374.27,89.5,659.03
2025-11-24,275.92,474.0,298.0,206.05,226.28,115.97,380.2,90.01,668.73
2025-11-25,276.97,476.99,303.0,206.67,229.67,114.51,380.08,90.24,675.02
2025-11-26,277.55,485.5,307.64,207.56,229.16,114.77,383.12,90.64,679.68
2025-11-28,278.85,492.01,313.08,206.92,233.22,115.92,387.88,90.21,683.39
2025-12-01,283.1,486.74,308.92,205.34,233.88,116.63,389.75,88.77,680.27
2025-12-02,286.19,490.0,307.88,205.42,234.42,115.38,387.24,88.81,681.53
2025-12-03,284.15,477.73,312.13,205.33,232.38,117.8,386.88,89.06,683.89
2025-12-04,280.7,480.84,316.1,202.48,229.11,117.14,387.13,88.58,684.39
2025-12-05,278.78,483.16,315.04,201.93,229.53,116.54,386.44,88.17,685.69
2025-12-08,277.89,491.02,315.21,201.62,226.89,115.98,385.42,87.88,683.63
2025-12-09,277.18,492.02,300.51,199.96,227.92,118.25,387.4,87.97,683.04
2025-12-10,278.78,478.56,310.11,206.54,231.78,119.54,389.05,88.31,687.57
2025-12-11,278.03,483.47,317.38,210.01,230.28,119.54,393.24,88.19,689.17
2025-12-12,278.28,478.53,318.52,211.58,226.19,118.82,395.44,87.34,681.76
2025-12-15,274.11,474.82,320.02,214.17,222.54,117.76,395.8,87.4,680.73
2025-12-16,274.61,476.39,315.55,209.3,222.56,114.68,395.89,87.88,678.87
2025-12-17,271.84,476.12,314.98,210.33,221.27,117.41,399.29,87.8,671.4
2025-12-18,272.19,483.98,313.0,208.31,226.76,116.54,398.57,88.22,676.47
2025-12-19,273.67,485.92,317.21,206.37,227.35,116.69,399.02,87.55,680.59
2025-12-22,270.97,484.92,323.09,207.32,228.43,118.15,408.23,87.36,684.83
2025-12-23,272.36,486.85,325.93,205.78,232.14,119.42,413.64,87.5,687.96
2025-12-24,273.81,488.02,329.17,207.78,232.38,119.22,411.93,88.03,690.38
2025-12-26,273.4,487.71,327.91,207.63,232.52,119.11,416.74,87.74,690.31
2025-12-29,273.76,487.1,323.75,207.56,232.07,120.53,398.6,88.07,687.85
2025-12-30,273.08,487.48,323.42,206.91,232.53,120.99,398.89,87.86,687.01
2025-12-31,271.86,483.62,322.22,206.95,230.82,120.34,396.31,87.16,681.92
2026-01-02,271.01,472.94,325.48,207.35,226.5,122.65,398.28,87.03,683.17
2026-01-05,267.26,472.85,334.04,204.31,233.06,125.36,408.76,87.46,687.72
2026-01-06,262.36,478.51,334.61,204.79,240.93,121.05,413.18,87.28,691.81
2026-01-07,260.33,483.47,326.99,207.49,241.56,118.49,409.23,87.79,689.58
2026-01-08,259.04,478.11,329.79,205.75,246.29,122.91,411.49,87.35,689.51
2026-01-09,259.37,479.28,329.19,204.39,247.38,124.61,414.47,87.93,694.07
2026-01-12,260.25,477.18,324.49,209.72,246.47,124.03,422.23,87.67,695.16
2026-01-13,261.05,470.67,310.9,213.65,242.6,126.54,421.63,87.82,693.77
2026-01-14,259.96,459.38,307.87,218.55,236.65,130.2,425.94,88.33,690.36
2026-01-15,258.21,456.66,309.26,219.57,238.18,129.13,423.33,88.31,692.24
2026-01-16,255.53,459.86,312.47,218.66,239.12,129.89,421.29,87.8,691.66
2026-01-20,246.7,454.52,302.74,218.21,231.0,130.46,437.23,86.65,677.58
2026-01-21,247.65,444.11,302.04,218.01,231.31,133.61,443.6,87.31,685.4
2026-01-22,248.35,451.14,303.63,218.49,234.34,133.64,451.79,87.69,688.98
2026-01-23,248.04,465.95,297.72,220.14,239.16,134.97,458.0,87.93,689.23
2026-01-26,255.41,470.28,301.04,221.49,238.42,134.84,464.7,88.35,692.73
2026-01-27,258.27,480.58,300.31,224.44,244.68,136.83,476.1,87.8,695.49
2026-01-28,256.44,481.63,300.77,227.72,243.01,137.58,494.56,87.6,695.42
2026-01-29,258.28,433.5,306.42,227.29,241.73,140.51,495.9,87.62,694.04
2026-01-30,259.48,430.29,305.89,227.25,239.3,141.4,444.95,87.13,691.97
2026-02-02,270.01,423.37,308.14,230.75,242.96,138.4,427.13,86.55,695.41
2026-02-03,269.48,411.21,314.85,233.1,238.62,143.73,454.29,86.76,689.53
2026-02-04,276.49,414.19,317.27,234.47,232.99,147.59,453.97,86.54,686.19
2026-02-05,275.91,393.67,310.16,237.79,222.69,146.08,441.88,87.48,677.62
2026-02-06,278.12,401.14,322.4,239.99,210.32,149.05,455.46,87.54,690.62
2026-02-09,274.62,413.6,322.1,238.64,208.72,151.21,467.03,87.52,693.95
2026-02-10,273.68,413.27,318.28,238.35,206.96,151.59,462.4,88.53,692.12
2026-02-11,275.5,404.37,310.82,240.86,204.08,155.56,467.63,88.06,691.96
2026-02-12,261.73,401.84,302.64,244.55,199.6,149.93,451.39,89.23,681.27
2026-02-13,255.78,401.32,302.55,243.45,198.79,148.45,462.62,89.72,681.75
2026-02-17,263.88,396.86,307.13,243.33,201.15,146.19,448.2,89.87,682.85
2026-02-18,264.35,399.6,308.78,244.99,204.79,150.68,458.28,89.53,686.29
2026-02-19,260.58,398.46,308.05,246.91,204.86,150.97,459.56,89.62,684.48
2026-02-20,264.58,397.23,310.79,242.49,210.11,147.28,468.62,89.41,689.43
2026-02-23,266.18,384.47,297.67,245.84,205.27,150.76,481.28,89.74,682.39
2026-02-24,272.14,389.0,297.3,246.28,208.56,149.26,474.61,89.9,687.35
2026-02-25,274.23,400.6,303.3,245.17,210.64,149.06,473.42,89.91,693.15
2026-02-26,272.95,401.72,306.13,243.47,207.92,148.54,477.48,90.27,689.3
2026-02-27,264.18,392.74,300.3,248.43,210.0,152.5,483.75,90.82,685.99
2026-03-02,264.72,398.55,297.56,248.56,208.39,154.22,490.0,89.61,686.38
2026-03-03,263.75,403.93,300.26,246.75,208.73,151.83,468.14,89.43,680.33
2026-03-04,262.52,405.2,299.39,245.3,216.82,149.82,471.8,89.15,685.13
2026-03-05,260.29,410.68,293.55,239.63,218.94,150.76,466.13,88.79,681.31
2026-03-06,257.46,408.96,289.48,240.4,213.21,151.21,473.51,88.46,672.38
2026-03-09,259.88,409.41,289.92,242.59,213.49,150.44,472.53,89.23,678.27
2026-03-10,260.83,405.76,288.73,243.71,214.33,148.13,477.86,88.28,677.18
2026-03-11,260.81,404.88,287.52,242.99,212.65,151.58,476.24,87.14,676.33
2026-03-12,255.76,401.86,282.89,242.04,209.53,153.53,466.88,86.97,666.06
2026-03-13,250.12,395.55,283.44,241.52,207.67,156.12,460.84,86.54,662.29
2026-03-16,252.82,399.95,286.16,243.19,211.74,157.23,460.43,87.21,669.03
2026-03-17,254.23,399.41,286.89,238.11,215.2,158.81,459.27,87.45,670.79
2026-03-18,249.94,391.79,287.74,237.28,209.87,157.59,444.74,86.955,661.43
2026-03-19,248.96,389.02,287.97,237.6,208.76,158.16,426.41,87.49,659.8
2026-03-20,247.99,381.87,286.56,235.37,205.37,159.67,413.38,85.83,648.57
2026-03-23,251.49,383.0,289.91,235.42,210.14,161.13,404.04,86.385,655.38
2026-03-24,251.64,372.74,292.4,235.27,207.24,165.38,404.13,86.01,653.18
2026-03-25,252.62,371.04,295.42,239.93,211.71,163.26,416.29,86.84,656.82
2026-03-26,252.89,365.97,291.66,239.24,207.54,165.43,400.64,86.11,645.09
2026-03-27,248.8,356.77,282.84,240.45,199.34,170.99,414.7,85.64,634.09
2026-03-30,246.63,358.96,283.77,242.49,200.95,171.47,414.58,86.78,631.97
2026-03-31,253.79,370.17,294.16,244.44,208.27,169.66,430.29,86.69,650.34
2026-04-01,255.63,369.37,295.38,244.12,210.57,160.78,437.82,86.26,655.24
2026-04-02,255.92,373.46,294.6,243.04,209.77,160.69,429.41,86.79,655.83
2026-04-06,258.86,372.88,295.45,240.97,212.79,163.37,427.65,86.65,658.93
2026-04-07,253.5,372.29,297.4,238.41,213.77,163.91,431.81,86.64,659.22
2026-04-08,258.9,374.33,307.97,241.3,221.25,156.22,434.53,86.92,676.01
2026-04-09,260.49,373.07,310.33,241.31,233.65,155.04,437.91,86.7,679.91
2026-04-10,260.48,370.87,309.87,238.46,238.38,152.51,437.13,86.49,679.46
2026-04-13,259.2,384.37,313.68,237.96,239.89,152.64,435.36,86.75,686.1
2026-04-14,258.83,393.11,311.12,240.1,249.02,149.24,445.09,87.21,694.46
2026-04-15,266.43,411.22,305.93,238.67,248.5,149.01,440.46,86.83,699.94
2026-04-16,263.4,420.26,309.95,234.54,249.7,151.98,440.08,86.28,701.66
2026-04-17,270.23,422.79,310.29,234.18,250.56,146.44,445.93,87.07,710.14
2026-04-20,273.05,418.07,316.99,230.69,248.28,147.68,442.09,87.05,708.72
2026-04-21,266.17,424.16,313.0,226.16,249.91,148.36,429.57,86.57,704.08
2026-04-22,273.17,432.92,313.02,226.1,255.36,149.5,435.26,86.74,711.21
2026-04-23,273.43,415.75,311.69,230.65,255.08,150.53,431.04,86.55,708.45
2026-04-24,271.06,424.62,308.28,227.5,263.99,148.91,433.25,86.71,713.94
2026-04-27,267.61,424.82,311.63,225.34,261.12,148.19,429.89,86.28,715.17
2026-04-28,270.71,429.25,311.45,227.79,259.7,150.56,421.91,86.37,711.69
2026-04-29,270.17,424.46,309.25,227.35,263.04,154.67,417.41,85.7,711.58
2026-04-30,271.35,407.78,313.23,229.85,265.06,154.33,423.66,85.62,718.66
2026-05-01,280.14,414.44,312.47,227.19,268.26,152.75,423.18,85.61,720.65
2026-05-04,276.83,413.62,307.65,224.2,272.05,153.69,414.71,84.96,718.01
2026-05-05,284.18,411.38,309.4,225.55,273.55,154.88,418.27,85.43,723.77
2026-05-06,287.51,413.96,314.9,224.62,274.99,148.69,430.96,86.08,733.83
2026-05-07,287.44,420.77,306.27,222.51,271.17,146.58,431.68,85.65,731.58
2026-05-08,293.32,415.12,302.1,221.32,272.68,144.57,433.77,86.08,737.62
2026-05-11,292.68,412.66,300.0,221.43,268.99,149.68,434.65,85.56,739.3
2026-05-12,294.8,407.77,304.88,224.26,265.82,150.63,432.93,84.99,738.18
2026-05-13,298.87,405.21,300.25,230.42,270.13,151.57,430.5,84.8,742.31
2026-05-14,298.21,409.43,299.91,230.8,267.22,152.78,427.21,84.92,748.17
2026-05-15,300.23,421.92,297.81,226.71,264.14,157.92,417.29,83.66,739.17
2026-05-18,297.84,423.54,300.73,228.92,264.86,160.49,418.43,83.56,738.65
2026-05-19,298.97,417.42,295.7,230.0,259.34,162.55,411.5,83.02,733.73
2026-05-20,302.25,421.06,301.98,229.32,265.01,156.28,417.4,83.91,741.25
2026-05-21,304.99,419.09,303.0,231.73,268.46,155.29,416.99,84.22,742.72
2026-05-22,308.82,418.57,306.38,234.34,266.32,154.92,413.82,84.68,745.64
2026-05-26,308.33,416.03,306.74,230.18,265.29,149.81,414.0,85.1,750.59
2026-05-27,310.85,412.67,299.28,231.29,271.85,147.9,408.49,85.3,750.46
2026-05-28,312.51,426.99,296.73,230.8,274.0,146.96,412.77,85.74,754.6
2026-05-29,312.06,450.24,299.31,225.33,270.64,145.26,417.12,85.76,756.48
2026-06-01,306.31,460.52,296.58,223.51,261.26,149.38,411.26,85.47,758.54
2026-06-02,315.2,441.31,300.96,222.89,256.52,149.56,411.95,85.65,759.57
2026-06-03,310.26,427.34,300.85,223.24,250.02,152.53,407.87,85.31,754.24
2026-06-04,311.23,428.05,310.89,228.17,253.79,152.04,411.27,85.5,757.09
2026-06-05,307.34,416.67,312.37,232.77,246.03,149.92,396.24,85.06,737.55
2026-06-08,301.54,411.74,311.11,232.16,245.22,151.75,397.27,84.62,739.22
2026-06-09,290.55,403.41,312.7,237.0,244.19,148.91,390.78,85.12,737.05
2026-06-10,291.58,397.36,309.14,238.49,238.0,150.62,374.58,84.88,725.43
2026-06-11,295.63,390.34,313.49,238.33,241.51,146.6,386.32,85.98,737.76
2026-06-12,291.13,390.74,320.72,240.87,238.55,147.01,386.54,85.77,741.75
2026-06-15,296.42,399.76,319.4,235.66,246.02,140.92,396.55,85.72,754.83
2026-06-16,299.24,393.83,331.14,235.18,246.0,141.86,397.63,86.19,750.33
2026-06-17,295.95,378.91,333.46,234.2,237.5,140.74,388.6,86.33,740.96
2026-06-18,298.01,379.4,325.22,228.39,244.39,137.81,387.12,86.75,746.74
2026-06-22,297.01,367.34,331.48,231.29,232.79,138.47,384.59,86.09,744.39
2026-06-23,294.3,373.94,334.14,239.08,234.11,139.73,377.32,86.2,733.58
2026-06-24,293.08,365.46,333.45,241.0,234.27,136.9,365.92,87.38,733.24
2026-06-25,275.15,352.83,335.12,244.88,227.01,137.55,369.46,87.35,734.3
2026-06-26,283.78,372.97,329.05,254.66,232.69,136.54,373.63,87.36,728.99
2026-06-29,281.74,368.57,329.39,258.51,240.14,136.06,368.58,87.45,741.0
2026-06-30,289.36,373.02,327.33,253.97,238.34,136.72,368.38,86.42,746.77
2026-07-01,294.38,384.28,334.07,253.98,241.7,136.28,370.6,85.52,745.76
2026-07-02,308.63,390.49,334.47,263.04,242.67,137.09,378.13,85.51,744.78
2026-07-06,312.66,386.74,337.72,259.33,244.16,136.44,382.13,85.45,751.28
2026-07-07,310.66,388.84,339.22,267.24,245.98,141.69,377.49,84.55,747.71
2026-07-08,313.39,383.34,330.62,263.4,243.62,141.13,374.45,84.36,745.4
2026-07-09,316.22,384.36,335.47,259.1,247.04,137.46,378.18,84.49,751.71
2026-07-10,315.32,385.1,336.47,256.98,245.34,138.88,377.01,84.47,754.95
2026-07-13,317.31,390.99,334.53,257.77,247.31,144.51,367.13,83.97,749.17
2026-07-14,314.86,384.93,342.89,253.85,247.49,145.09,372.15,84.08,751.83
2026-07-15,327.5,395.63,346.91,247.02,254.96,144.51,372.35,84.24,754.81
2026-07-16,333.26,401.1,343.15,249.97,249.89,145.95,364.96,84.21,750.72
2026-07-17,333.74,393.82,341.1,253.04,247.23,147.36,368.41,84.52,743.29
2026-07-20,326.59,402.29,338.87,248.82,249.99,148.36,367.6,83.89,742.09
2026-07-21,327.74,397.75,345.23,250.61,247.55,151.71,374.81,83.66,748.28
2026-07-22,325.89,390.34,348.21,255.63,244.85,154.45,379.12,83.44,747.41
2026-07-23,321.66,381.58,349.9,259.27,233.66,156.89,371.52,83.17,738.18
2026-07-24,333.02,381.7,353.21,263.4,232.11,156.94,371.9,83.25,738.93
2026-07-27,336.91,389.1,356.2,265.95,231.39,154.77,374.63,83.75,739.09
2026-07-28,340.08,393.35,357.31,266.73,230.86,153.04,369.37,84.24,740.86
2026-07-29,338.19,390.54,344.71,265.53,226.65,156.75,371.08,82.85,729.46
2026-07-30,333.43,451.1,350.85,255.82,235.5,156.97,377.16,82.8,741.69
2026-07-31,308.91,464.72,351.79,256.35,271.58,155.44,371.54,82.25,747.03
2026-08-03,303.42,487.65,352.64,254.41,284.02,155.06,371.71,82.19,757.67
2026-08-04,309.38,492.81,357.52,254.93,277.42,153.96,374.16,82.82,771.33
2026-08-05,311.0,487.46,359.24,257.59,272.65,151.63,389.64,83.0,769.79
2026-08-06,312.41,499.86,356.3,256.98,272.26,154.84,389.67,82.52,768.56
2026-08-07,313.33,499.99,357.52,259.24,274.48,153.04,398.47,82.76,773.26
2026-08-10,308.26,506.06,359.79,261.81,278.09,159.79,402.54,82.06,773.03
2026-08-11,304.91,503.81,362.04,259.8,272.27,159.8,400.96,82.19,770.56
2026-08-12,302.25,492.43,365.18,260.86,267.28,159.75,404.92,82.11,772.49
