Date, Open, High, Low, Close, Volume
08/12/26, 405.31, 407.36, 403.22, 404.92, 10383090
08/11/26, 403.44, 404.03, 399.89, 400.96, 7439138
08/10/26, 397.714, 403.24, 395.93, 402.54, 11057000
08/07/26, 399.595, 400.66, 396.95, 398.47, 13324500
08/06/26, 389.50, 392.12, 387.27, 389.67, 10954330
08/05/26, 384.96, 391.51, 384.32, 389.64, 14758690
08/04/26, 374.14, 376.69, 373.71, 374.16, 5723063
08/03/26, 370.10, 372.035, 368.6428, 371.71, 4968937
07/31/26, 370.84, 372.01, 368.815, 371.54, 6825924
07/30/26, 374.16, 377.86, 373.755, 377.16, 5968409
07/29/26, 368.29, 377.62, 366.526, 371.08, 11839940
07/28/26, 369.605, 371.23, 367.98, 369.37, 4819262
07/27/26, 373.89, 375.53, 372.91, 374.63, 3699961
07/24/26, 371.26, 374.49, 371.03, 371.90, 3852356
07/23/26, 372.36, 373.0852, 370.53, 371.52, 9820641
07/22/26, 379.068, 382.22, 378.83, 379.12, 7115061
07/21/26, 371.70, 375.01, 371.07, 374.81, 6070621
07/20/26, 367.79, 368.7893, 366.80, 367.60, 3922524
07/17/26, 364.11, 369.21, 363.60, 368.41, 6456632
07/16/26, 367.45, 368.43, 364.05, 364.96, 9048047
07/15/26, 372.11, 374.49, 369.50, 372.35, 7683667
07/14/26, 374.53, 376.28, 370.92, 372.15, 6303383
07/13/26, 372.77, 372.8912, 365.77, 367.13, 7161731
07/10/26, 375.00, 377.55, 373.70, 377.01, 5455434
07/09/26, 378.505, 379.65, 377.41, 378.18, 4754582
07/08/26, 373.17, 375.47, 368.95, 374.45, 7728535
07/07/26, 382.39, 383.5999, 375.52, 377.49, 4815434
07/06/26, 380.21, 382.43, 378.83, 382.13, 3906524
07/02/26, 377.435, 380.27, 376.2862, 378.13, 7607967
07/01/26, 371.205, 377.78, 370.21, 370.60, 9058287
06/30/26, 369.22, 372.83, 368.255, 368.38, 5302053
06/29/26, 370.575, 371.19, 366.97, 368.58, 5006269
06/26/26, 372.27, 375.85, 371.18, 373.63, 5603324
06/25/26, 368.99, 371.0398, 366.80, 369.46, 9164674
06/24/26, 364.81, 370.90, 363.32, 365.92, 12741720
06/23/26, 377.722, 380.35, 377.17, 377.32, 7389590
06/22/26, 384.25, 386.41, 382.64, 384.59, 7835120
06/18/26, 391.24, 392.50, 385.60, 387.12, 7627319
06/17/26, 397.82, 402.04, 387.08, 388.60, 13343020
06/16/26, 397.83, 398.96, 395.82, 397.63, 6003963
06/15/26, 399.49, 401.00, 396.15, 396.55, 10477120
06/12/26, 385.73, 388.77, 383.35, 386.54, 7532577
06/11/26, 373.96, 387.21, 371.88, 386.32, 12622480
06/10/26, 380.75, 384.21, 374.55, 374.58, 13956160
06/09/26, 397.57, 400.48, 388.75, 390.78, 9567301
06/08/26, 397.52, 398.98, 396.03, 397.27, 8057349
06/05/26, 404.38, 404.719, 395.92, 396.24, 11473870
06/04/26, 413.37, 414.37, 409.01, 411.27, 4646545
06/03/26, 408.38, 409.38, 406.225, 407.87, 5038037
06/02/26, 414.08, 414.3999, 411.10, 411.95, 3823879
06/01/26, 409.86, 412.61, 408.24, 411.26, 6158855
05/29/26, 415.62, 421.82, 415.08, 417.12, 7705706
05/28/26, 406.48, 414.51, 405.4108, 412.77, 7184086
05/27/26, 404.335, 409.25, 404.30, 408.49, 6624575
05/26/26, 415.16, 415.98, 411.50, 414.00, 5098408
05/22/26, 415.17, 415.68, 412.00, 413.82, 5528437
05/21/26, 413.14, 418.42, 411.95, 416.99, 4679936
05/20/26, 412.14, 417.99, 410.08, 417.40, 6004981
05/19/26, 412.45, 414.47, 409.8808, 411.50, 5419418
05/18/26, 419.82, 420.9299, 416.06, 418.43, 5628254
05/15/26, 417.64, 419.2484, 414.12, 417.29, 9360392
05/14/26, 430.30, 431.54, 427.10, 427.21, 4021406
05/13/26, 430.52, 432.49, 428.75, 430.50, 4180266
05/12/26, 430.70, 432.98, 425.85, 432.93, 6660930
05/11/26, 434.182, 436.04, 432.21, 434.65, 5569059
05/08/26, 434.05, 436.20, 431.70, 433.77, 5380821
05/07/26, 435.61, 437.42, 430.25, 431.68, 6816211
05/06/26, 430.15, 433.19, 429.60, 430.96, 7013889
05/05/26, 420.15, 421.16, 417.905, 418.27, 4279931
05/04/26, 418.84, 420.86, 413.2801, 414.71, 7285730
05/01/26, 421.412, 427.93, 421.08, 423.18, 5911487
04/30/26, 425.34, 425.46, 422.7394, 423.66, 6732811
04/29/26, 416.74, 419.1705, 414.16, 417.41, 6452572
04/28/26, 420.72, 422.52, 418.40, 421.91, 7723432
04/27/26, 431.66, 431.80, 428.52, 429.89, 6105233
04/24/26, 431.335, 435.28, 430.6501, 433.25, 5924116
04/23/26, 433.96, 435.2913, 428.22, 431.04, 4976399
04/22/26, 436.27, 437.17, 433.78, 435.26, 5178054
04/21/26, 438.55, 440.245, 428.71, 429.57, 9480023
04/20/26, 443.13, 443.42, 440.05, 442.09, 8473002
04/17/26, 445.65, 448.70, 445.32, 445.93, 9711965
04/16/26, 442.15, 442.98, 438.18, 440.08, 5350127
04/15/26, 442.88, 443.74, 439.60, 440.46, 6455885
04/14/26, 439.32, 445.18, 439.02, 445.09, 8731650
04/13/26, 434.775, 436.22, 431.63, 435.36, 5549419
04/10/26, 438.59, 440.35, 436.00, 437.13, 6193254
04/09/26, 436.47, 440.905, 435.87, 437.91, 6748462
04/08/26, 439.98, 440.44, 431.31, 434.53, 9689696
04/07/26, 427.895, 433.43, 423.10, 431.81, 7263495
04/06/26, 428.87, 431.49, 426.71, 427.65, 5417250
04/02/26, 422.29, 431.67, 421.17, 429.41, 10838640
04/01/26, 435.00, 440.19, 433.76, 437.82, 14133120
03/31/26, 420.075, 430.57, 419.59, 430.29, 14534300
03/30/26, 419.54, 420.10, 412.66, 414.58, 13172070
03/27/26, 406.20, 418.40, 405.41, 414.70, 16580721
03/26/26, 408.53, 411.37, 400.26, 400.64, 15756340
03/25/26, 419.705, 420.66, 412.25, 416.29, 15713160
03/24/26, 400.24, 407.29, 399.20, 404.13, 17478520
03/23/26, 405.12, 414.54, 399.6401, 404.04, 36796840
03/20/26, 428.09, 428.59, 411.23, 413.38, 27204939
03/19/26, 420.36, 428.2677, 416.80, 426.41, 30205980
03/18/26, 446.66, 450.06, 444.39, 444.74, 18375609
03/17/26, 460.51, 462.21, 456.87, 459.27, 7610091
03/16/26, 461.265, 462.80, 456.905, 460.43, 8964093
03/13/26, 469.31, 470.102, 460.22, 460.84, 11741580
03/12/26, 475.02, 475.02, 466.60, 466.88, 11900580
03/11/26, 476.13, 477.45, 473.13, 476.24, 7522851
03/10/26, 479.74, 481.31, 474.21, 477.86, 9616837
03/09/26, 468.09, 472.68, 464.79, 472.53, 8829848
03/06/26, 469.04, 475.46, 467.07, 473.51, 10489820
03/05/26, 470.45, 470.67, 463.91, 466.13, 11674830
03/04/26, 474.82, 476.415, 469.39, 471.80, 9985887
03/03/26, 472.83, 473.20, 458.93, 468.14, 22591539
03/02/26, 490.095, 492.15, 483.28, 490.00, 19916580
02/27/26, 480.75, 483.90, 479.11, 483.75, 16795080
02/26/26, 474.95, 477.83, 442.04, 477.48, 12375050
02/25/26, 475.74, 479.53, 472.90, 473.42, 12954280
02/24/26, 470.085, 475.44, 469.55, 474.61, 14147100
02/23/26, 474.65, 481.46, 474.61, 481.28, 17441570
02/20/26, 463.25, 468.62, 458.34, 468.62, 14316250
02/19/26, 457.34, 461.505, 456.03, 459.56, 8411438
02/18/26, 455.81, 460.51, 455.324, 458.28, 10226300
02/17/26, 450.26, 451.37, 445.53, 448.20, 10976090
02/13/26, 459.73, 463.8399, 456.25, 462.62, 12359350
02/12/26, 464.90, 466.3799, 448.06, 451.39, 20488830
02/11/26, 466.00, 468.61, 462.82, 467.63, 11209600
02/10/26, 465.96, 466.75, 459.52, 462.40, 7861589
02/09/26, 461.39, 467.56, 460.85, 467.03, 12330870
02/06/26, 450.73, 456.93, 450.03, 455.46, 12663910
02/05/26, 444.29, 450.90, 440.35, 441.88, 17718070
02/04/26, 462.47, 463.10, 445.71, 453.97, 24427920
02/03/26, 452.63, 459.00, 448.31, 454.29, 28703471
02/02/26, 434.01, 440.78, 422.55, 427.13, 41626230
01/30/26, 466.245, 470.06, 430.80, 444.95, 86593523
01/29/26, 509.51, 509.70, 468.51, 495.90, 69970867
01/28/26, 483.39, 495.88, 481.2501, 494.56, 44154578
01/27/26, 465.07, 476.49, 463.95, 476.10, 28386221
01/26/26, 466.78, 469.28, 460.36, 464.70, 34155969
01/23/26, 454.11, 458.75, 453.45, 458.00, 21531869
01/22/26, 443.84, 452.9841, 443.56, 451.79, 19251189
01/21/26, 446.87, 447.9999, 437.11, 443.60, 38830230
01/20/26, 436.69, 438.1399, 434.10, 437.23, 21308141
01/16/26, 422.80, 424.80, 417.04, 421.29, 20951570
01/15/26, 423.02, 425.06, 422.79, 423.33, 14253250
01/14/26, 426.03, 426.86, 422.8398, 425.94, 18305539
01/13/26, 424.59, 426.12, 420.07, 421.63, 16681221
01/12/26, 421.52, 425.74, 421.52, 422.23, 20904131
01/09/26, 413.215, 415.29, 411.80, 414.47, 14011240
01/08/26, 406.965, 411.64, 406.40, 411.49, 8705926
01/07/26, 408.63, 410.81, 406.65, 409.23, 10589450
01/06/26, 410.67, 413.48, 410.31, 413.18, 11640910
01/05/26, 406.39, 409.72, 406.15, 408.76, 13410640
01/02/26, 401.62, 401.82, 396.25, 398.28, 10372570
12/31/25, 398.60, 400.13, 395.59, 396.31, 10194740
12/30/25, 403.60, 403.80, 398.56, 398.89, 10179030
12/29/25, 403.66, 403.76, 395.33, 398.60, 20679240
12/26/25, 416.48, 418.45, 414.75, 416.74, 10476230
12/24/25, 412.25, 412.63, 408.83, 411.93, 6718437
12/23/25, 410.30, 413.76, 407.10, 413.64, 13193260
12/22/25, 406.98, 408.52, 405.72, 408.23, 14202070
12/19/25, 397.92, 400.63, 397.17, 399.02, 9894767
12/18/25, 398.28, 402.21, 396.05, 398.57, 11837550
12/17/25, 398.08, 399.98, 397.25, 399.29, 10456890
12/16/25, 397.75, 398.71, 394.59, 395.89, 9201557
12/15/25, 397.76, 398.71, 394.0738, 395.80, 11345030
12/12/25, 399.155, 400.39, 391.47, 395.44, 16792061
12/11/25, 389.02, 394.09, 388.50, 393.24, 11240630
12/10/25, 385.95, 389.76, 384.50, 389.05, 9120475
12/09/25, 385.62, 388.21, 385.27, 387.40, 6358694
12/08/25, 387.02, 387.2418, 384.01, 385.42, 6822119
12/05/25, 389.12, 391.735, 386.175, 386.44, 9449808
12/04/25, 386.92, 388.00, 385.40, 387.13, 6754434
12/03/25, 388.46, 390.1293, 385.83, 386.88, 7886793
12/02/25, 388.87, 388.98, 382.9103, 387.24, 8103923
12/01/25, 390.61, 390.70, 388.06, 389.75, 11129600
11/28/25, 385.98, 388.00, 384.99, 387.88, 7167700
11/26/25, 381.055, 383.775, 380.46, 383.12, 9184071
11/25/25, 380.255, 382.52, 378.06, 380.08, 10462810
11/24/25, 374.88, 380.28, 374.19, 380.20, 10085320
11/21/25, 374.025, 377.23, 372.94, 374.27, 13194560
11/20/25, 375.29, 377.6925, 371.8514, 374.85, 10506550
11/19/25, 377.775, 380.17, 373.03, 374.96, 10980420
11/18/25, 374.832, 375.54, 371.62, 374.35, 7818783
11/17/25, 374.035, 375.4553, 368.52, 371.65, 13295250
11/14/25, 372.87, 378.20, 370.89, 375.96, 15198030
11/13/25, 387.29, 388.18, 381.21, 382.87, 15867870
11/12/25, 380.07, 387.46, 379.44, 385.99, 16203720
11/11/25, 379.98, 380.40, 376.87, 379.87, 10753180
11/10/25, 375.93, 378.66, 374.7814, 378.38, 13456210
11/07/25, 367.94, 370.42, 366.42, 368.31, 11060360
11/06/25, 367.16, 368.18, 364.70, 366.07, 6891096
11/05/25, 366.39, 367.10, 364.65, 366.51, 8357300
11/04/25, 363.48, 365.74, 361.39, 362.32, 11540060
11/03/25, 368.91, 370.84, 367.54, 368.78, 7254265
10/31/25, 370.47, 370.6625, 365.50, 368.12, 11077910
10/30/25, 365.09, 370.36, 364.50, 370.13, 14812750
10/29/25, 369.65, 370.08, 361.3601, 363.00, 18891850
10/28/25, 361.81, 365.30, 360.12, 364.38, 19257590
10/27/25, 371.13, 371.59, 365.34, 367.01, 23657600
10/24/25, 378.51, 380.77, 376.81, 377.52, 13263800
10/23/25, 381.46, 382.25, 378.65, 378.79, 13695500
10/22/25, 372.75, 378.47, 368.93, 377.28, 30524131
10/21/25, 386.54, 388.89, 375.65, 377.24, 54101422
10/20/25, 397.45, 403.30, 394.20, 403.15, 34523020
10/17/25, 397.14, 397.28, 385.22, 388.99, 62024969
10/16/25, 391.15, 396.87, 390.40, 396.45, 33621441
10/15/25, 385.93, 387.755, 384.59, 387.39, 20598320
10/14/25, 378.21, 382.38, 377.90, 380.79, 18409631
10/13/25, 376.50, 378.86, 375.5797, 378.09, 18514420
10/10/25, 367.54, 370.31, 365.44, 369.12, 24192779
10/09/25, 373.135, 373.22, 362.83, 365.43, 33674820
10/08/25, 371.65, 373.57, 370.50, 372.30, 28052279
10/07/25, 366.508, 367.27, 364.55, 366.26, 16836770
10/06/25, 362.16, 365.30, 361.37, 364.38, 17093660
10/03/25, 357.12, 358.14, 355.80, 357.64, 14463960
10/02/25, 358.26, 358.67, 351.40, 354.79, 16162050
10/01/25, 356.17, 356.9722, 354.79, 356.03, 15573610
09/30/25, 351.13, 355.57, 350.865, 355.47, 13312350
09/29/25, 351.79, 352.8305, 351.28, 352.46, 15719620
09/26/25, 345.83, 348.25, 345.314, 346.74, 11698210
09/25/25, 344.39, 345.83, 342.47, 344.75, 12639580
09/24/25, 346.70, 346.8299, 342.14, 343.32, 12709070
09/23/25, 348.23, 348.75, 345.32, 346.46, 18383980
09/22/25, 342.75, 345.07, 341.84, 345.05, 12386420
09/19/25, 336.51, 339.23, 336.3119, 339.18, 14982570
09/18/25, 336.22, 336.32, 333.81, 335.62, 14913270
09/17/25, 338.53, 341.24, 335.52, 336.97, 16535311
09/16/25, 340.09, 340.88, 338.62, 339.59, 12161530
09/15/25, 336.31, 339.28, 336.23, 338.91, 10569880
09/12/25, 335.88, 336.39, 335.23, 335.42, 9619709
09/11/25, 333.37, 335.1619, 332.97, 334.76, 9082647
09/10/25, 335.73, 336.50, 326.19, 335.26, 11945670
09/09/25, 337.03, 338.31, 333.85, 334.06, 21641939
09/08/25, 333.66, 335.67, 333.23, 334.82, 18617330
09/05/25, 329.53, 331.44, 328.93, 331.05, 16065150
09/04/25, 327.03, 327.56, 325.35, 326.69, 11703130
09/03/25, 327.76, 329.45, 326.7301, 328.14, 16062220
09/02/25, 320.82, 325.92, 320.24, 325.59, 21247529
08/29/25, 314.72, 318.09, 314.64, 318.07, 15642640
08/28/25, 313.32, 315.08, 313.07, 315.03, 9610202
08/27/25, 311.39, 312.91, 310.77, 312.71, 4320071
08/26/25, 310.62, 312.21, 310.305, 312.08, 11698460
08/25/25, 309.67, 310.84, 309.67, 309.83, 4044429
08/22/25, 306.52, 311.025, 306.43, 310.58, 8526492
08/21/25, 307.86, 308.15, 307.0314, 307.29, 4808975
08/20/25, 307.54, 308.47, 307.40, 308.36, 6515411
08/19/25, 306.76, 307.4788, 305.19, 305.27, 5029939
08/18/25, 307.79, 307.89, 306.625, 306.95, 6150140
08/15/25, 307.34, 308.00, 306.87, 307.43, 5990110
08/14/25, 307.925, 308.34, 306.52, 307.25, 5817726
08/13/25, 309.10, 310.39, 308.45, 309.21, 4718586
08/12/25, 308.22, 309.305, 306.71, 308.27, 9701725
08/11/25, 308.62, 309.66, 307.63, 308.55, 10326700
08/08/25, 312.35, 313.53, 311.00, 313.05, 19886801
08/07/25, 311.72, 313.135, 310.70, 313.12, 10891460
08/06/25, 310.32, 311.24, 309.84, 310.50, 7418158
08/05/25, 310.37, 312.24, 310.22, 311.16, 6997693
08/04/25, 310.80, 311.74, 310.37, 310.91, 7639030
08/01/25, 308.61, 309.55, 307.45, 309.11, 12843360
07/31/25, 304.59, 304.61, 302.86, 302.96, 8980956
07/30/25, 304.42, 304.65, 300.955, 300.96, 13459600
07/29/25, 305.80, 307.03, 304.985, 306.25, 5741114
07/28/25, 306.44, 306.58, 304.05, 305.41, 9275440
07/25/25, 307.82, 308.31, 306.20, 307.40, 9376386
07/24/25, 309.29, 310.99, 309.06, 310.27, 7698763
07/23/25, 314.00, 314.96, 311.42, 312.18, 10547520
07/22/25, 314.48, 316.24, 313.62, 316.10, 13691850
07/21/25, 311.88, 313.31, 311.61, 313.13, 10995760
07/18/25, 309.24, 309.37, 308.32, 308.39, 5574281
07/17/25, 305.50, 307.665, 305.12, 307.59, 6642258
07/16/25, 307.11, 311.09, 305.73, 308.26, 17693100
07/15/25, 307.73, 308.74, 305.79, 306.73, 8149008
07/14/25, 309.07, 309.38, 307.73, 308.01, 5772879
07/11/25, 308.855, 310.28, 308.5153, 309.14, 9187302
07/10/25, 306.11, 306.51, 304.82, 306.20, 7059561
07/09/25, 303.58, 305.54, 303.23, 305.52, 10644080
07/08/25, 306.30, 306.445, 302.77, 304.16, 11840550
07/07/25, 305.07, 307.705, 304.53, 307.37, 7351641
07/03/25, 307.05, 307.57, 306.15, 307.14, 5275838
07/02/25, 308.035, 309.395, 306.96, 309.25, 8316377
07/01/25, 308.555, 309.00, 307.36, 307.55, 9335647
06/30/25, 302.385, 304.92, 301.95, 304.83, 8192086
06/27/25, 300.03, 302.36, 299.89, 301.22, 13301310
06/26/25, 305.77, 307.28, 304.855, 306.78, 6787517
06/25/25, 305.31, 307.36, 305.12, 307.12, 6733155
06/24/25, 305.07, 306.34, 303.54, 306.19, 12035180
06/23/25, 310.34, 312.67, 310.31, 311.08, 12687920
06/20/25, 309.33, 310.89, 309.25, 310.13, 8794711
06/18/25, 312.89, 312.98, 309.86, 310.26, 9370785
06/17/25, 312.66, 313.00, 310.12, 311.94, 8234115
06/16/25, 314.80, 314.87, 311.65, 311.78, 12848440
06/13/25, 317.26, 317.60, 315.0375, 316.29, 16592949
06/12/25, 311.74, 313.10, 311.15, 312.20, 11531410
06/11/25, 307.50, 308.615, 305.85, 308.37, 9248766
06/10/25, 308.31, 308.60, 305.87, 306.71, 7071702
06/09/25, 305.39, 307.61, 305.06, 306.62, 7159036
06/06/25, 309.09, 309.20, 305.10, 305.18, 7787508
06/05/25, 311.24, 312.20, 307.6501, 309.33, 10856010
06/04/25, 309.41, 311.88, 308.74, 310.90, 7462529
06/03/25, 309.56, 309.56, 307.15, 308.91, 9315081
06/02/25, 309.21, 311.72, 308.72, 311.67, 13593230
05/30/25, 303.64, 304.02, 301.50, 303.60, 9553260
05/29/25, 305.74, 306.89, 304.46, 305.61, 9502412
05/28/25, 304.64, 304.99, 303.06, 303.81, 8803333
05/27/25, 303.81, 304.875, 302.74, 304.50, 9578486
05/23/25, 308.86, 310.25, 307.47, 309.75, 13339470
05/22/25, 305.09, 305.28, 302.10, 303.11, 9704165
05/21/25, 304.55, 306.46, 303.67, 305.82, 12414520
05/20/25, 298.35, 303.6825, 298.30, 303.58, 12850980
05/19/25, 297.845, 298.58, 296.482, 298.03, 11656260
05/16/25, 292.62, 294.575, 291.78, 294.24, 14173040
05/15/25, 294.10, 297.90, 293.75, 297.84, 13497740
05/14/25, 293.67, 294.80, 291.96, 293.16, 14800600
05/13/25, 299.02, 300.30, 297.24, 299.46, 10233600
05/12/25, 298.33, 299.47, 296.82, 298.19, 14375880
05/09/25, 307.79, 308.57, 306.0101, 306.84, 6913131
05/08/25, 309.76, 310.48, 303.05, 304.63, 11927580
05/07/25, 312.10, 313.26, 310.08, 310.75, 7909976
05/06/25, 313.12, 315.62, 311.40, 315.48, 11445270
05/05/25, 305.92, 307.65, 304.675, 306.88, 8924009
05/02/25, 300.17, 300.85, 297.03, 297.98, 8678366
05/01/25, 297.41, 297.94, 295.32, 297.46, 14969060
04/30/25, 304.605, 306.065, 303.44, 303.77, 8331894
04/29/25, 305.81, 306.95, 304.00, 306.06, 6852106
04/28/25, 304.15, 309.11, 302.97, 309.07, 9375484
04/25/25, 301.78, 305.37, 301.01, 304.73, 10691590
04/24/25, 306.98, 308.495, 304.71, 308.07, 10844970
04/23/25, 304.18, 304.74, 300.59, 303.65, 25421461
04/22/25, 317.49, 317.63, 310.36, 311.11, 35242289
04/21/25, 315.015, 316.41, 313.945, 315.59, 20372260
04/17/25, 306.31, 307.13, 302.73, 306.12, 18287830
04/16/25, 304.65, 308.0599, 303.80, 307.47, 20778080
04/15/25, 296.93, 298.02, 296.09, 297.78, 7924134
04/14/25, 295.54, 296.58, 294.53, 296.23, 12427590
04/11/25, 297.96, 299.275, 296.81, 297.93, 21080131
04/10/25, 288.805, 292.86, 287.231, 292.35, 19837801
04/09/25, 282.22, 285.87, 281.04, 285.38, 25342180
04/08/25, 277.867, 278.32, 274.24, 275.20, 12639530
04/07/25, 278.855, 280.14, 272.58, 273.71, 19806990
04/04/25, 283.64, 284.03, 278.02, 279.72, 21517160
04/03/25, 282.78, 289.09, 282.45, 286.42, 20524391
04/02/25, 288.28, 289.03, 287.36, 288.16, 11074790
04/01/25, 288.54, 289.13, 285.91, 287.57, 15923550
03/31/25, 287.53, 288.39, 285.85, 288.14, 13925100
03/28/25, 283.82, 284.64, 282.86, 284.06, 9563660
03/27/25, 280.55, 282.065, 279.5868, 281.97, 8476335
03/26/25, 278.93, 279.02, 277.78, 278.24, 3741843
03/25/25, 278.78, 279.96, 278.27, 278.47, 5090179
03/24/25, 278.91, 279.089, 276.86, 277.25, 7870109
03/21/25, 279.46, 279.46, 276.59, 278.49, 9359340
03/20/25, 279.49, 280.90, 279.43, 280.75, 5863288
03/19/25, 279.85, 281.479, 279.06, 281.11, 8822197
03/18/25, 279.90, 280.215, 278.97, 279.96, 9596547
03/17/25, 275.54, 276.79, 275.39, 276.73, 8583359
03/14/25, 276.27, 276.30, 274.66, 275.24, 13364970
03/13/25, 271.57, 275.345, 271.55, 275.13, 13741460
03/12/25, 268.47, 271.23, 268.36, 270.33, 7236239
03/11/25, 268.47, 269.73, 268.4401, 269.16, 8436562
03/10/25, 267.62, 268.44, 265.64, 266.04, 7593890
03/07/25, 269.09, 270.34, 267.64, 268.39, 10431240
03/06/25, 268.25, 269.51, 268.16, 268.25, 6136447
03/05/25, 267.97, 270.26, 267.96, 269.62, 6990354
03/04/25, 269.01, 269.40, 267.52, 269.06, 8481343
03/03/25, 265.07, 266.88, 265.07, 266.74, 7725647
02/28/25, 262.555, 263.40, 261.25, 263.27, 11504490
02/27/25, 266.49, 266.67, 264.4475, 264.93, 9374626
02/26/25, 267.08, 269.08, 266.6612, 269.03, 7276033
02/25/25, 271.46, 271.6796, 266.45, 268.62, 10079780
02/24/25, 271.45, 272.32, 270.375, 272.21, 5374360
02/21/25, 270.795, 271.51, 269.51, 270.74, 8917431
02/20/25, 270.23, 271.84, 270.17, 270.99, 7356900
02/19/25, 270.68, 271.33, 269.24, 270.85, 9342452
02/18/25, 269.68, 271.0099, 269.60, 270.70, 8185949
02/14/25, 270.07, 270.21, 265.45, 266.29, 11546720
02/13/25, 268.40, 270.39, 268.22, 270.31, 8347547
02/12/25, 267.15, 268.43, 266.3451, 267.67, 9328598
02/11/25, 267.70, 268.36, 266.711, 267.39, 7169450
02/10/25, 268.00, 268.66, 267.24, 268.37, 13250310
02/07/25, 265.22, 266.345, 263.26, 263.90, 9154042
02/06/25, 263.66, 263.72, 261.49, 263.43, 8731433
02/05/25, 264.45, 265.99, 263.89, 264.13, 12681130
02/04/25, 261.83, 262.54, 261.35, 262.50, 9850412
02/03/25, 259.75, 261.3897, 259.5236, 259.94, 11521090
01/31/25, 259.08, 259.99, 257.86, 258.56, 8965576
01/30/25, 257.20, 258.29, 256.45, 258.05, 12981160
01/29/25, 254.55, 254.82, 253.30, 254.20, 5671753
01/28/25, 254.225, 255.25, 253.891, 255.18, 5332005
01/27/25, 253.86, 254.26, 251.92, 252.99, 5799780
01/24/25, 255.96, 257.07, 255.61, 255.65, 7341337
01/23/25, 253.19, 254.54, 252.82, 254.07, 6511526
01/22/25, 254.29, 254.68, 253.7801, 254.43, 5213777
01/21/25, 251.95, 253.3598, 251.83, 253.13, 7668119
01/17/25, 249.70, 250.81, 249.15, 249.27, 8312858
01/16/25, 250.56, 251.39, 250.27, 250.60, 9235998
01/15/25, 248.21, 248.90, 247.0102, 248.88, 6344973
01/14/25, 245.62, 247.04, 245.52, 247.03, 4914837
01/13/25, 246.34, 246.79, 245.151, 245.74, 8448595
01/10/25, 248.01, 249.04, 247.55, 248.21, 12380130
01/08/25, 245.72, 246.45, 244.51, 245.86, 6303334
01/07/25, 245.52, 245.77, 243.81, 244.56, 5090333
01/06/25, 242.33, 243.79, 242.05, 243.19, 3758903
01/03/25, 244.56, 244.82, 243.36, 243.49, 4875546
01/02/25, 244.22, 245.53, 244.08, 245.42, 6241899
12/31/24, 241.05, 242.52, 241.05, 242.13, 2522102
12/30/24, 241.08, 241.08, 239.58, 240.63, 3522539
12/27/24, 241.20, 241.95, 241.05, 241.40, 4728440
12/26/24, 242.39, 243.56, 242.195, 243.07, 4651778
12/24/24, 241.49, 241.66, 240.82, 241.44, 2421008
12/23/24, 241.60, 241.67, 240.65, 240.96, 5835498
12/20/24, 241.41, 242.955, 241.17, 242.10, 9527805
12/19/24, 239.67, 240.05, 238.73, 239.60, 8113568
12/18/24, 243.57, 243.7095, 238.82, 239.26, 8015848
12/17/24, 243.80, 244.55, 243.23, 243.94, 4421339
12/16/24, 245.41, 245.54, 244.29, 244.88, 3310036
12/13/24, 245.67, 245.94, 244.27, 244.29, 6602591
12/12/24, 247.81, 248.24, 246.87, 247.28, 10149590
12/11/24, 249.35, 251.26, 248.97, 250.96, 11033780
12/10/24, 247.86, 248.86, 247.83, 248.59, 4641963
12/09/24, 246.28, 247.11, 245.2595, 245.36, 4711536
12/06/24, 242.79, 243.86, 242.435, 242.95, 3540698
12/05/24, 244.16, 244.38, 242.15, 242.86, 4806206
12/04/24, 244.93, 245.34, 244.365, 244.67, 4608584
12/03/24, 244.96, 245.18, 243.30, 243.93, 3557819
12/02/24, 244.46, 244.5805, 243.14, 243.44, 4765001
11/29/24, 245.25, 245.81, 244.73, 245.59, 2708494
11/27/24, 244.85, 245.1835, 243.20, 243.49, 6930587
11/26/24, 242.71, 243.09, 241.58, 242.95, 4945897
11/25/24, 244.27, 244.3999, 241.48, 242.48, 10733110
11/22/24, 248.20, 250.39, 247.86, 249.84, 7502963
11/21/24, 246.23, 246.81, 245.69, 246.66, 7646429
11/20/24, 243.74, 245.21, 243.51, 244.62, 6630737
11/19/24, 242.75, 243.31, 242.03, 243.25, 6579103
11/18/24, 240.46, 241.495, 240.45, 241.09, 6512986
11/15/24, 237.57, 237.88, 236.33, 236.59, 7299482
11/14/24, 236.57, 237.9886, 236.1326, 237.01, 8262426
11/13/24, 241.31, 241.47, 237.59, 237.63, 8431694
11/12/24, 241.29, 241.66, 239.39, 240.05, 10145510
11/11/24, 242.73, 242.73, 241.06, 242.14, 11653850
11/08/24, 249.07, 249.35, 247.78, 247.96, 6267916
11/07/24, 248.29, 250.24, 248.12, 249.65, 8821445
11/06/24, 245.635, 247.35, 244.9506, 245.70, 14600220
11/05/24, 253.78, 253.9893, 252.41, 253.40, 6029884
11/04/24, 253.32, 253.58, 252.27, 252.83, 4581435
11/01/24, 254.33, 254.86, 252.435, 252.47, 6473012
10/31/24, 255.52, 255.60, 252.20, 253.51, 9930827
10/30/24, 256.76, 257.71, 255.9101, 257.50, 6386196
10/29/24, 254.49, 256.29, 254.23, 256.09, 8875470
10/28/24, 253.01, 253.63, 252.95, 253.33, 4029110
10/25/24, 252.00, 253.5499, 251.77, 253.32, 4424475
10/24/24, 253.27, 253.32, 251.40, 252.80, 5962188
10/23/24, 253.08, 253.18, 250.20, 250.87, 8080958
10/22/24, 253.06, 253.94, 252.52, 253.93, 5756321
10/21/24, 252.74, 253.14, 250.73, 251.22, 9258590
10/18/24, 250.00, 251.37, 249.90, 251.27, 7833614
10/17/24, 247.75, 249.06, 247.62, 248.63, 5176170
10/16/24, 247.62, 248.09, 246.36, 247.15, 5431939
10/15/24, 244.99, 246.55, 244.53, 245.92, 5640831
10/14/24, 245.16, 245.86, 244.26, 245.07, 3922892
10/11/24, 244.50, 245.92, 244.47, 245.47, 5789546
10/10/24, 241.77, 243.02, 241.5101, 242.82, 4792690
10/09/24, 241.16, 241.84, 240.64, 241.05, 4120486
10/08/24, 243.79, 244.04, 240.63, 242.37, 7669807
10/07/24, 244.58, 244.82, 243.81, 244.17, 3849026
10/04/24, 245.00, 246.69, 244.045, 245.00, 5951628
10/03/24, 244.72, 245.91, 243.69, 245.49, 5674503
10/02/24, 245.61, 246.07, 243.99, 245.66, 6798783
10/01/24, 245.20, 246.98, 245.06, 245.61, 10605490
09/30/24, 243.97, 244.08, 242.50, 243.06, 6919352
09/27/24, 246.31, 246.75, 244.19, 245.02, 8329633
09/26/24, 246.44, 247.37, 245.19, 246.98, 7041063
09/25/24, 246.19, 246.47, 244.79, 245.73, 7393448
09/24/24, 243.39, 246.19, 243.15, 246.07, 8386348
09/23/24, 242.97, 243.46, 242.585, 242.68, 5426166
09/20/24, 241.11, 242.625, 240.47, 242.21, 7737416
09/19/24, 238.24, 239.515, 237.39, 239.17, 6108226
09/18/24, 238.19, 240.2896, 235.30, 235.51, 11081110
09/17/24, 238.08, 238.60, 236.61, 237.34, 5257119
09/16/24, 238.73, 239.278, 238.05, 238.66, 4713541
09/13/24, 238.13, 238.98, 237.7575, 238.68, 7455078
09/12/24, 234.63, 236.45, 234.42, 236.33, 9944986
09/11/24, 231.72, 232.87, 231.09, 232.25, 4637312
09/10/24, 232.39, 232.74, 231.12, 232.62, 4378349
09/09/24, 231.26, 231.62, 230.39, 231.60, 3548806
09/06/24, 231.83, 232.76, 229.62, 230.63, 6315824
09/05/24, 232.72, 232.89, 231.33, 232.35, 4838112
09/04/24, 229.79, 231.06, 229.375, 230.43, 4695980
09/03/24, 230.38, 230.54, 228.52, 230.29, 6414920
08/30/24, 232.53, 232.86, 230.5501, 231.29, 5742963
08/29/24, 231.95, 233.61, 231.92, 232.95, 5524161
08/28/24, 232.00, 232.02, 230.73, 231.75, 4961482
08/27/24, 231.69, 233.47, 231.5701, 233.39, 4435606
08/26/24, 233.45, 233.50, 232.06, 232.76, 3151384
08/23/24, 231.04, 232.73, 230.5199, 232.02, 5418171
08/22/24, 230.35, 230.38, 228.26, 229.37, 5765369
08/21/24, 231.69, 232.87, 230.48, 232.15, 5337388
08/20/24, 233.71, 234.01, 231.13, 232.46, 9073611
08/19/24, 230.15, 231.78, 229.74, 231.61, 5164817
08/16/24, 229.99, 232.02, 229.005, 231.99, 11924540
08/15/24, 226.51, 227.50, 225.12, 226.91, 5273310
08/14/24, 226.55, 227.48, 225.35, 226.20, 5462495
08/13/24, 228.07, 228.87, 227.59, 228.06, 6740238
08/12/24, 226.14, 228.535, 225.965, 228.41, 5561259
08/09/24, 224.82, 225.28, 223.82, 224.56, 4441017
08/08/24, 222.73, 224.25, 222.515, 224.01, 6327054
08/07/24, 221.94, 222.31, 220.35, 220.55, 5287817
08/06/24, 221.50, 222.14, 220.11, 220.70, 14362270
08/05/24, 220.56, 223.10, 220.241, 222.48, 8939011
08/02/24, 227.95, 228.76, 222.865, 225.34, 11109390
08/01/24, 226.74, 227.57, 225.05, 225.77, 7217224
07/31/24, 223.73, 226.60, 223.64, 226.55, 7316552
07/30/24, 221.41, 222.92, 220.355, 222.52, 4939531
07/29/24, 221.26, 221.55, 219.045, 220.32, 4665057
07/26/24, 219.96, 221.04, 219.70, 220.63, 6328784
07/25/24, 219.02, 219.2607, 217.52, 218.33, 9777054
07/24/24, 223.47, 224.88, 221.74, 221.80, 6838783
07/23/24, 222.34, 222.75, 221.86, 222.58, 4435700
07/22/24, 221.58, 221.92, 220.40, 221.80, 5334060
07/19/24, 221.52, 222.68, 221.41, 221.73, 8665956
07/18/24, 227.71, 228.32, 225.57, 225.78, 5485459
07/17/24, 228.79, 229.65, 226.67, 227.23, 8620511
07/16/24, 225.45, 228.29, 225.30, 228.29, 11070660
07/15/24, 223.39, 225.59, 223.02, 223.83, 5719339
07/12/24, 222.03, 223.62, 221.86, 223.11, 5179297
07/11/24, 222.65, 224.1489, 221.48, 223.25, 9323981
07/10/24, 220.14, 220.71, 219.16, 219.36, 5556185
07/09/24, 218.57, 219.29, 217.265, 218.56, 3904495
07/08/24, 219.64, 220.04, 217.41, 218.19, 5790811
07/05/24, 219.58, 221.28, 219.58, 220.93, 5950550
07/03/24, 217.34, 218.7397, 217.33, 217.99, 5055313
07/02/24, 215.33, 216.08, 214.6204, 215.56, 4921672
07/01/24, 215.25, 216.00, 214.485, 215.57, 3797921
06/28/24, 215.64, 215.8148, 214.82, 215.01, 3955080
06/27/24, 214.71, 215.50, 214.45, 214.99, 4977837
06/26/24, 212.39, 213.11, 212.1204, 212.58, 4690348
06/25/24, 214.96, 215.31, 214.12, 214.56, 3847694
06/24/24, 215.55, 215.94, 215.20, 215.63, 4626923
06/21/24, 217.83, 217.90, 214.255, 214.78, 8935399
06/20/24, 216.32, 218.7413, 216.15, 218.16, 7290516
06/18/24, 214.38, 215.83, 214.04, 215.47, 4921415
06/17/24, 214.90, 215.24, 213.60, 214.61, 3877671
06/14/24, 215.34, 216.04, 214.98, 215.73, 7076496
06/13/24, 214.44, 214.96, 212.26, 212.97, 5861099
06/12/24, 216.47, 216.55, 214.20, 214.72, 5911883
06/11/24, 213.95, 214.38, 213.24, 214.15, 4004085
06/10/24, 213.13, 214.02, 212.76, 213.54, 4219641
06/07/24, 215.07, 215.19, 211.54, 211.60, 12195070
06/06/24, 218.36, 219.97, 218.10, 219.43, 5283914
06/05/24, 216.69, 218.0795, 215.93, 217.82, 5479226
06/04/24, 216.24, 216.24, 214.20, 215.27, 5509361
06/03/24, 215.92, 217.82, 215.54, 217.22, 6172606
05/31/24, 217.77, 217.96, 214.65, 215.30, 5617183
05/30/24, 216.69, 217.51, 216.41, 216.57, 3071290
05/29/24, 216.92, 217.16, 216.12, 216.16, 4184972
05/28/24, 218.43, 218.59, 217.21, 218.19, 3809677
05/24/24, 216.96, 217.21, 215.74, 215.92, 4212379
05/23/24, 218.78, 219.23, 215.66, 215.72, 9537911
05/22/24, 223.09, 223.24, 219.7407, 220.11, 8903115
05/21/24, 224.77, 225.21, 223.70, 224.23, 4002615
05/20/24, 223.79, 225.66, 223.02, 224.56, 5990860
05/17/24, 222.18, 223.8501, 221.67, 223.66, 10481940
05/16/24, 220.14, 220.585, 219.41, 220.03, 4301652
05/15/24, 219.06, 221.19, 217.65, 220.89, 9297715
05/14/24, 217.31, 218.3795, 216.98, 218.09, 4662679
05/13/24, 217.06, 217.31, 215.80, 216.26, 4896343
05/10/24, 219.22, 219.60, 218.08, 218.71, 8700917
05/09/24, 214.48, 216.95, 214.44, 216.95, 7732469
05/08/24, 213.62, 214.80, 213.50, 213.58, 4462736
05/07/24, 214.52, 214.93, 213.88, 214.21, 5660735
05/06/24, 215.14, 215.91, 214.47, 215.20, 6840477
05/03/24, 212.89, 213.225, 210.71, 212.96, 8679910
05/02/24, 211.90, 213.705, 211.49, 213.13, 6286967
05/01/24, 212.96, 215.50, 212.41, 213.79, 10373880
04/30/24, 213.38, 214.1271, 211.80, 211.87, 11248620
04/29/24, 216.02, 217.215, 215.25, 216.18, 6409870
04/26/24, 216.77, 217.0676, 215.53, 216.62, 6268504
04/25/24, 214.47, 217.05, 214.3357, 215.92, 6606512
04/24/24, 214.76, 216.35, 214.36, 214.64, 5741072
04/23/24, 213.96, 215.86, 213.87, 215.04, 10730330
04/22/24, 216.35, 216.9578, 215.14, 215.57, 13404250
04/19/24, 220.49, 222.36, 220.08, 221.03, 8688967
04/18/24, 221.31, 221.4599, 219.312, 220.34, 6496885
04/17/24, 221.05, 221.76, 218.52, 219.59, 11521050
04/16/24, 220.18, 221.99, 218.78, 221.22, 10746120
04/15/24, 217.94, 221.03, 215.16, 220.95, 13238950
04/12/24, 221.87, 225.09, 216.02, 216.89, 30898779
04/11/24, 216.85, 219.84, 215.89, 219.80, 11415220
04/10/24, 215.37, 217.78, 214.68, 215.61, 13317490
04/09/24, 217.81, 218.86, 216.45, 217.67, 13079310
04/08/24, 215.98, 216.81, 214.61, 216.48, 10331410
04/05/24, 212.49, 215.74, 212.22, 215.14, 13382720
04/04/24, 212.00, 213.45, 211.02, 211.52, 12307270
04/03/24, 210.57, 212.83, 210.30, 212.74, 11416230
04/02/24, 209.07, 211.03, 208.36, 210.89, 13421070
04/01/24, 208.68, 208.73, 206.29, 207.82, 13677110
03/28/24, 204.54, 206.05, 203.87, 205.72, 9194473
03/27/24, 202.32, 203.22, 202.32, 203.10, 6040980
03/26/24, 202.65, 202.76, 201.07, 201.64, 5752677
03/25/24, 201.19, 201.95, 200.965, 200.99, 4034750
03/22/24, 201.32, 201.86, 199.715, 200.35, 6918508
03/21/24, 203.88, 203.92, 200.60, 201.97, 7396540
03/20/24, 199.16, 202.66, 199.12, 202.18, 9593754
03/19/24, 199.62, 199.81, 198.935, 199.80, 4657527
03/18/24, 199.66, 200.145, 199.51, 200.03, 7206823
03/15/24, 199.94, 200.634, 199.57, 199.71, 4556710
03/14/24, 200.37, 200.47, 199.34, 200.35, 6865044
03/13/24, 200.44, 201.86, 200.35, 201.19, 5929990
03/12/24, 200.42, 200.6277, 199.16, 199.79, 9436586
03/11/24, 201.71, 202.41, 201.46, 202.00, 7329560
03/08/24, 200.89, 203.30, 200.4459, 201.63, 13540110
03/07/24, 199.54, 200.11, 198.91, 199.94, 8403737
03/06/24, 198.08, 199.30, 197.44, 198.81, 10459290
03/05/24, 197.44, 198.14, 196.65, 197.19, 9672210
03/04/24, 194.15, 196.3299, 193.88, 196.01, 12216340
03/01/24, 190.27, 193.40, 189.44, 192.89, 13411000
02/29/24, 189.64, 189.918, 189.23, 189.31, 6848639
02/28/24, 188.34, 188.52, 188.0301, 188.34, 2824131
02/27/24, 188.58, 188.72, 187.88, 188.00, 5165376
02/26/24, 187.79, 188.36, 187.53, 188.20, 4491937
02/23/24, 187.56, 189.18, 187.46, 188.62, 6827271
02/22/24, 187.56, 187.64, 187.05, 187.56, 4550823
02/21/24, 187.88, 188.04, 187.10, 187.48, 5789951
02/20/24, 187.96, 188.03, 187.40, 187.47, 5531152
02/16/24, 185.076, 186.67, 184.835, 186.34, 6518526
02/15/24, 185.60, 186.02, 185.095, 185.66, 6228859
02/14/24, 184.27, 184.88, 183.78, 184.42, 7031562
02/13/24, 185.35, 185.38, 184.33, 184.53, 9525794
02/12/24, 186.60, 187.27, 186.36, 187.11, 4706253
02/09/24, 187.56, 187.77, 187.14, 187.60, 4412654
02/08/24, 187.91, 188.5298, 187.8199, 188.33, 3873445
02/07/24, 188.45, 189.39, 188.28, 188.50, 6276879
02/06/24, 187.94, 188.854, 187.742, 188.55, 4866122
02/05/24, 186.875, 187.82, 186.70, 187.57, 5436062
02/02/24, 188.07, 188.87, 187.85, 188.61, 7337573
02/01/24, 189.71, 191.36, 188.99, 190.41, 10278130
01/31/24, 189.37, 190.46, 188.13, 188.45, 7886115
01/30/24, 189.70, 189.83, 187.975, 188.59, 4976467
01/29/24, 188.31, 188.54, 187.1899, 188.33, 5629695
01/26/24, 187.27, 187.38, 186.76, 187.01, 5064774
01/25/24, 187.34, 187.64, 186.46, 187.14, 4651026
01/24/24, 188.33, 188.37, 186.32, 186.40, 6085437
01/23/24, 187.45, 188.15, 187.28, 187.95, 5040771
01/22/24, 187.23, 187.7601, 186.85, 187.22, 4397522
01/19/24, 188.26, 188.30, 187.44, 187.93, 5719650
01/18/24, 186.36, 187.40, 186.30, 187.37, 4685239
01/17/24, 187.31, 187.42, 185.45, 185.84, 8643163
01/16/24, 189.15, 189.26, 187.54, 187.91, 6548068
01/12/24, 190.67, 191.08, 189.16, 189.71, 6833678
01/11/24, 188.02, 188.55, 186.56, 187.87, 6831086
01/10/24, 188.14, 188.44, 187.205, 187.50, 4504726
01/09/24, 188.68, 188.78, 187.73, 187.93, 4437269
01/08/24, 187.21, 188.74, 187.11, 187.87, 6214968
01/05/24, 189.68, 191.26, 189.08, 189.35, 7481883
01/04/24, 189.08, 189.75, 188.69, 189.32, 4416743
01/03/24, 188.77, 189.86, 188.16, 189.13, 8661568
01/02/24, 191.44, 191.89, 190.50, 190.72, 6025646
12/29/23, 190.99, 191.64, 190.74, 191.17, 4612349
12/28/23, 192.34, 192.89, 191.44, 191.47, 6171506
12/27/23, 191.77, 193.1823, 191.54, 192.59, 5813295
12/26/23, 190.97, 191.74, 190.40, 191.72, 4502664
12/22/23, 191.60, 191.88, 190.07, 190.27, 7176292
12/21/23, 189.21, 189.62, 188.75, 189.43, 4619995
12/20/23, 188.69, 188.96, 188.085, 188.10, 6002395
12/19/23, 188.23, 189.7239, 188.13, 189.13, 6025564
12/18/23, 187.50, 188.49, 187.24, 187.85, 5357987
12/15/23, 188.52, 188.96, 186.82, 187.00, 8324824
12/14/23, 188.865, 189.82, 188.08, 188.73, 9107157
12/13/23, 183.82, 187.66, 183.38, 187.63, 10635500
12/12/23, 183.844, 183.98, 183.26, 183.49, 5056911
12/11/23, 184.50, 184.53, 183.1513, 183.59, 8519527
12/08/23, 185.93, 186.78, 184.90, 185.64, 7883204
12/07/23, 188.45, 188.59, 187.26, 188.15, 5802025
12/06/23, 188.32, 188.46, 187.50, 187.84, 5778604
12/05/23, 187.55, 187.88, 186.30, 187.15, 7027722
12/04/23, 189.599, 190.38, 187.26, 187.86, 18460539
12/01/23, 188.805, 192.395, 188.685, 192.01, 16727570
11/30/23, 188.89, 189.24, 188.28, 188.75, 7558123
11/29/23, 189.16, 189.99, 189.02, 189.54, 8407253
11/28/23, 187.90, 189.40, 187.52, 189.26, 10901890
11/27/23, 186.56, 186.80, 185.93, 186.77, 6320420
11/24/23, 185.47, 185.75, 185.16, 185.52, 2445058
11/22/23, 185.47, 185.72, 184.2715, 184.56, 4338209
11/21/23, 185.57, 186.115, 185.065, 185.35, 7322379
11/20/23, 182.32, 183.48, 182.225, 183.37, 5393464
11/17/23, 183.96, 184.125, 183.45, 183.67, 4871297
11/16/23, 182.846, 184.32, 182.80, 183.69, 8253348
11/15/23, 182.03, 182.18, 181.31, 181.64, 4909399
11/14/23, 181.70, 182.75, 181.62, 182.12, 6831639
11/13/23, 179.40, 180.73, 179.11, 180.51, 5385908
11/10/23, 180.51, 180.585, 179.245, 179.51, 7611618
11/09/23, 180.98, 182.28, 180.89, 181.49, 6486286
11/08/23, 182.01, 182.065, 180.5699, 180.77, 6738304
11/07/23, 182.25, 182.65, 181.75, 182.59, 6795795
11/06/23, 184.14, 184.23, 183.34, 183.35, 8274666
11/03/23, 184.48, 185.47, 184.35, 184.79, 8530399
11/02/23, 184.13, 184.28, 183.50, 184.12, 7343699
11/01/23, 183.91, 185.00, 182.67, 183.51, 9048562
10/31/23, 185.08, 186.21, 183.495, 184.09, 10104570
10/30/23, 185.54, 185.70, 184.73, 185.10, 8756405
10/27/23, 183.76, 186.36, 183.47, 186.15, 14102830
10/26/23, 183.40, 184.49, 182.87, 184.01, 7671406
10/25/23, 183.42, 184.2993, 182.04, 183.72, 10087020
10/24/23, 182.07, 183.40, 181.68, 182.95, 6593963
10/23/23, 183.51, 183.56, 182.705, 182.97, 9479805
10/20/23, 183.43, 185.23, 183.09, 183.59, 12785670
10/19/23, 181.04, 183.43, 180.82, 183.09, 13406560
10/18/23, 180.894, 182.02, 179.75, 180.87, 13920790
10/17/23, 178.37, 179.13, 177.98, 178.29, 8231866
10/16/23, 177.84, 178.33, 177.535, 177.96, 8385428
10/13/23, 176.892, 179.095, 176.72, 178.83, 18802891
10/12/23, 174.06, 174.23, 173.24, 173.26, 5912663
10/11/23, 173.60, 174.125, 173.26, 173.79, 7128002
10/10/23, 172.08, 172.795, 171.90, 172.53, 5843995
10/09/23, 171.18, 172.86, 171.075, 172.82, 10201550
10/06/23, 169.17, 170.23, 168.50, 169.70, 9948433
10/05/23, 168.74, 169.00, 168.30, 168.83, 6970219
10/04/23, 169.21, 169.41, 168.50, 169.14, 10034600
10/03/23, 169.14, 170.08, 168.745, 169.16, 11459840
10/02/23, 170.23, 170.46, 169.50, 169.65, 12706030
09/29/23, 173.92, 174.03, 171.265, 171.45, 10427380
09/28/23, 173.91, 174.135, 172.32, 173.23, 10061920
09/27/23, 175.27, 175.32, 173.70, 174.10, 10919580
09/26/23, 176.825, 177.14, 176.16, 176.28, 7181080
09/25/23, 178.41, 178.71, 177.64, 177.70, 5582074
09/22/23, 178.65, 178.95, 178.51, 178.62, 3637075
09/21/23, 177.86, 178.485, 177.69, 178.05, 7573300
09/20/23, 179.34, 180.66, 179.32, 179.35, 9330262
09/19/23, 179.54, 179.65, 179.03, 179.22, 4225102
09/18/23, 178.82, 179.41, 178.38, 179.39, 5049308
09/15/23, 178.55, 179.105, 178.34, 178.34, 5620888
09/14/23, 176.50, 177.39, 176.36, 177.17, 6184382
09/13/23, 177.53, 177.75, 177.035, 177.08, 3874788
09/12/23, 177.11, 177.70, 177.05, 177.49, 4445435
09/11/23, 178.97, 179.07, 178.261, 178.41, 3689085
09/08/23, 178.36, 179.045, 177.90, 178.08, 3293699
09/07/23, 178.31, 178.3701, 177.90, 178.02, 3257213
09/06/23, 178.33, 179.01, 177.70, 177.83, 6427224
09/05/23, 179.33, 179.4438, 178.64, 178.64, 7056834
09/01/23, 180.80, 181.12, 179.51, 180.11, 4970732
08/31/23, 180.37, 180.49, 179.94, 180.02, 4795626
08/30/23, 180.58, 180.88, 180.29, 180.32, 6593692
08/29/23, 178.03, 179.88, 177.90, 179.87, 7576640
08/28/23, 177.65, 178.73, 177.51, 178.13, 4740683
08/25/23, 177.58, 178.38, 176.63, 177.62, 6132927
08/24/23, 177.66, 178.49, 177.41, 177.85, 5526428
08/23/23, 177.32, 178.22, 177.07, 177.89, 7949056
08/22/23, 175.83, 176.25, 175.31, 176.10, 5892540
08/21/23, 175.90, 175.94, 174.96, 175.81, 4206360
08/18/23, 175.83, 176.055, 175.10, 175.33, 6253027
08/17/23, 176.53, 176.56, 174.93, 175.30, 7937672
08/16/23, 176.62, 176.945, 175.56, 175.57, 6559418
08/15/23, 176.75, 177.43, 176.33, 176.59, 7582703
08/14/23, 176.86, 177.58, 176.5787, 177.06, 9554477
08/11/23, 177.70, 178.36, 177.49, 177.60, 5289694
08/10/23, 178.22, 178.70, 177.54, 177.60, 5934598
08/09/23, 178.68, 178.92, 177.78, 177.79, 4643998
08/08/23, 178.64, 179.33, 178.46, 178.64, 6162879
08/07/23, 180.15, 180.15, 179.27, 179.78, 4510408
08/04/23, 180.25, 180.77, 179.85, 180.19, 5326191
08/03/23, 179.44, 179.95, 179.28, 179.54, 4638874
08/02/23, 180.57, 180.79, 179.41, 179.60, 6348266
08/01/23, 180.85, 181.375, 180.19, 180.46, 6289869
07/31/23, 182.43, 183.09, 182.31, 182.35, 5496890
07/28/23, 181.48, 182.27, 181.25, 181.86, 3829197
07/27/23, 181.64, 181.64, 180.32, 180.42, 7592752
07/26/23, 182.66, 183.64, 182.31, 183.30, 6158432
07/25/23, 181.72, 182.47, 181.10, 182.41, 4090149
07/24/23, 182.22, 182.54, 181.34, 181.40, 4370026
07/21/23, 182.06, 182.46, 181.68, 182.18, 3845361
07/20/23, 183.73, 183.77, 182.47, 182.74, 4972856
07/19/23, 183.45, 183.835, 182.87, 183.67, 3911565
07/18/23, 182.79, 184.23, 182.32, 183.64, 8242597
07/17/23, 180.99, 181.6307, 180.64, 181.56, 4152919
07/14/23, 181.59, 182.17, 181.1101, 181.43, 5389968
07/13/23, 181.96, 182.15, 181.49, 182.01, 4527900
07/12/23, 181.18, 181.95, 181.10, 181.88, 7062010
07/11/23, 179.43, 179.71, 179.13, 179.45, 2819610
07/10/23, 178.37, 178.92, 178.2601, 178.78, 3320497
07/07/23, 178.38, 179.65, 178.35, 178.64, 5201148
07/06/23, 177.51, 177.80, 176.66, 177.31, 5132954
07/05/23, 179.41, 179.42, 177.825, 177.84, 5652091
07/03/23, 178.61, 179.34, 178.46, 178.47, 4085711
06/30/23, 177.69, 178.53, 177.32, 178.27, 6420904
06/29/23, 175.83, 177.63, 175.79, 177.09, 6862511
06/28/23, 177.23, 177.685, 176.70, 177.28, 5866741
06/27/23, 179.07, 179.29, 177.43, 177.69, 5036916
06/26/23, 179.05, 179.075, 178.42, 178.51, 3222050
06/23/23, 179.60, 179.95, 178.09, 178.20, 5419784
06/22/23, 178.36, 178.99, 177.63, 177.71, 7948565
06/21/23, 179.15, 179.95, 178.19, 179.49, 6702339
06/20/23, 180.06, 180.09, 179.22, 179.75, 7586229
06/16/23, 181.925, 182.618, 181.41, 181.63, 8779096
06/15/23, 180.28, 182.05, 180.18, 181.91, 6739009
06/14/23, 181.69, 181.96, 180.14, 180.64, 6807003
06/13/23, 182.10, 182.43, 180.165, 180.54, 5126686
06/12/23, 181.80, 181.94, 181.04, 181.88, 4875450
06/09/23, 182.36, 182.79, 181.72, 182.04, 4380811
06/08/23, 182.00, 183.04, 181.96, 182.53, 6394890
06/07/23, 181.94, 183.00, 180.15, 180.15, 9066528
06/06/23, 182.36, 182.65, 181.52, 182.34, 4967156
06/05/23, 180.79, 182.44, 180.60, 182.14, 6403343
06/02/23, 183.53, 183.56, 180.96, 181.05, 8726111
06/01/23, 182.81, 184.21, 182.72, 183.76, 7300542
05/31/23, 182.39, 183.445, 182.10, 182.32, 8497893
05/30/23, 181.72, 182.40, 181.17, 182.04, 4906066
05/26/23, 181.01, 181.30, 180.09, 180.92, 5823674
05/25/23, 181.18, 181.31, 180.10, 180.20, 6919174
05/24/23, 183.54, 183.54, 181.77, 181.95, 6732940
05/23/23, 182.78, 183.76, 182.48, 183.43, 6345012
05/22/23, 183.22, 183.84, 182.91, 183.21, 4834298
05/19/23, 182.25, 184.34, 181.81, 183.64, 8434976
05/18/23, 182.10, 182.28, 181.335, 181.84, 8812591
05/17/23, 184.305, 184.45, 183.48, 184.23, 7474277
05/16/23, 186.58, 186.82, 184.4601, 184.87, 9527806
05/15/23, 187.30, 187.88, 187.032, 187.21, 5518086
05/12/23, 187.43, 187.92, 186.58, 186.81, 7087462
05/11/23, 188.44, 188.81, 186.86, 187.13, 8245523
05/10/23, 188.975, 189.64, 187.82, 188.75, 9392097
05/09/23, 188.12, 189.33, 188.07, 189.02, 7098810
05/08/23, 187.82, 188.67, 187.49, 187.69, 6075441
05/05/23, 186.56, 187.58, 185.77, 187.46, 12508110
05/04/23, 188.86, 191.36, 188.81, 190.44, 14146790
05/03/23, 187.61, 189.205, 186.93, 189.11, 11133830
05/02/23, 184.65, 187.64, 184.515, 187.52, 13554920
05/01/23, 186.05, 186.22, 183.91, 183.97, 7997658
04/28/23, 184.79, 185.38, 184.17, 184.80, 6700418
04/27/23, 183.90, 184.989, 183.38, 184.75, 9107425
04/26/23, 186.63, 186.65, 184.30, 184.74, 8203595
04/25/23, 184.84, 186.2204, 184.30, 185.75, 8451933
04/24/23, 184.07, 185.025, 183.46, 184.81, 8303396
04/21/23, 184.98, 185.68, 183.22, 184.25, 10698710
04/20/23, 186.14, 187.03, 185.78, 186.09, 5789908
04/19/23, 184.35, 185.58, 184.28, 185.36, 7373518
04/18/23, 185.24, 186.99, 185.04, 186.25, 8056928
04/17/23, 185.89, 185.93, 184.10, 185.53, 7468062
04/14/23, 188.08, 188.4869, 185.17, 186.36, 13272540
04/13/23, 189.76, 190.41, 188.99, 189.72, 14060110
04/12/23, 187.54, 187.66, 185.97, 187.19, 10000950
04/11/23, 185.905, 186.51, 185.635, 186.28, 6031494
04/10/23, 185.18, 185.36, 184.19, 185.11, 6408114
04/06/23, 186.89, 187.26, 185.95, 186.49, 6648428
04/05/23, 188.34, 188.86, 186.78, 187.83, 11440830
04/04/23, 184.722, 188.23, 184.66, 187.98, 13765360
04/03/23, 183.85, 185.035, 183.32, 184.54, 9206635
03/31/23, 184.11, 184.42, 182.80, 183.22, 8003334
03/30/23, 182.75, 184.4401, 182.55, 184.18, 6360296
03/29/23, 182.49, 183.27, 182.24, 182.53, 4996493
03/28/23, 182.31, 183.62, 182.12, 183.44, 6202597
03/27/23, 181.15, 182.15, 180.69, 181.95, 6925046
03/24/23, 185.606, 185.99, 183.62, 183.65, 9253075
03/23/23, 183.91, 186.24, 183.5996, 185.74, 11347150
03/22/23, 180.40, 183.94, 180.28, 183.44, 11969560
03/21/23, 182.65, 182.73, 179.90, 180.37, 10734490
03/20/23, 184.19, 184.54, 182.74, 183.84, 11845680
03/17/23, 181.02, 184.81, 180.77, 183.77, 24156270
03/16/23, 179.51, 179.654, 177.87, 178.57, 10764870
03/15/23, 178.86, 180.13, 177.49, 178.21, 14546100
03/14/23, 177.35, 177.59, 176.21, 176.83, 10019030
03/13/23, 176.66, 178.02, 176.30, 177.86, 20554420
03/10/23, 171.93, 173.88, 171.92, 173.87, 13803440
03/09/23, 169.751, 170.65, 169.71, 170.20, 5582980
03/08/23, 168.61, 169.59, 168.52, 168.54, 5718595
03/07/23, 170.42, 170.47, 168.52, 168.62, 8713268
03/06/23, 172.32, 172.37, 171.54, 171.62, 4264124
03/03/23, 171.45, 172.595, 170.98, 172.49, 6894466
03/02/23, 170.52, 170.975, 170.36, 170.66, 3952266
03/01/23, 170.95, 171.49, 170.47, 170.76, 6590468
02/28/23, 168.781, 170.25, 168.59, 169.78, 6761585
02/27/23, 168.88, 169.23, 168.55, 169.01, 4509151
02/24/23, 168.42, 168.84, 168.19, 168.35, 6496496
02/23/23, 169.84, 170.125, 169.08, 169.57, 5073479
02/22/23, 170.81, 170.96, 169.56, 169.66, 4105675
02/21/23, 171.20, 171.50, 170.34, 170.62, 4035933
02/17/23, 169.87, 171.47, 169.52, 171.26, 4809799
02/16/23, 170.34, 171.60, 169.96, 170.75, 4540398
02/15/23, 170.60, 170.99, 170.16, 170.89, 5435337
02/14/23, 171.97, 173.51, 171.41, 172.61, 5403099
02/13/23, 172.70, 172.9014, 172.07, 172.48, 3970786
02/10/23, 173.63, 173.68, 172.63, 173.36, 2971125
02/09/23, 175.49, 175.52, 172.87, 173.03, 5361340
02/08/23, 174.942, 174.99, 173.83, 174.41, 4075638
02/07/23, 173.72, 175.27, 173.47, 173.98, 6794153
02/06/23, 174.11, 174.455, 173.28, 173.82, 8956963
02/03/23, 174.92, 175.43, 173.12, 173.46, 13674440
02/02/23, 181.08, 181.11, 177.74, 177.90, 8842396
02/01/23, 179.75, 181.73, 178.63, 181.67, 7996005
01/31/23, 178.82, 179.699, 178.54, 179.41, 5976888
01/30/23, 179.286, 179.43, 178.65, 178.76, 4210726
01/27/23, 179.27, 179.72, 178.262, 179.22, 6052728
01/26/23, 180.146, 180.265, 178.46, 179.47, 5860129
01/25/23, 179.35, 181.22, 179.2925, 181.11, 6925348
01/24/23, 179.56, 180.32, 178.35, 180.28, 4604628
01/23/23, 178.35, 179.69, 177.78, 179.63, 5265507
01/20/23, 179.06, 179.66, 178.645, 179.29, 5754818
01/19/23, 178.37, 180.03, 178.09, 179.89, 6678687
01/18/23, 178.92, 179.18, 176.90, 177.08, 5384664
01/17/23, 178.21, 178.24, 177.09, 177.59, 6610834
01/13/23, 176.96, 178.825, 176.8934, 178.76, 7468768
01/12/23, 176.01, 176.71, 174.88, 176.64, 6936919
01/11/23, 174.76, 174.79, 173.72, 174.62, 3374201
01/10/23, 174.61, 174.98, 174.06, 174.74, 4398411
01/09/23, 174.51, 175.035, 173.881, 174.10, 5134503
01/06/23, 171.76, 173.96, 171.23, 173.71, 7888954
01/05/23, 170.824, 171.00, 169.79, 170.52, 4692610
01/04/23, 172.86, 173.09, 171.845, 172.67, 7574633
01/03/23, 171.32, 172.09, 170.02, 171.06, 7992927
12/30/22, 169.26, 169.8999, 168.795, 169.64, 2864455
12/29/22, 168.54, 169.35, 168.52, 168.85, 3345874
12/28/22, 168.05, 168.34, 167.10, 167.91, 3662456
12/27/22, 167.89, 170.61, 167.80, 168.67, 6885715
12/23/22, 166.88, 167.795, 166.66, 167.26, 2912300
12/22/22, 167.76, 167.7632, 166.06, 166.76, 5672656
12/21/22, 169.04, 169.71, 168.675, 168.80, 3990060
12/20/22, 168.10, 169.53, 168.03, 169.08, 7803118
12/19/22, 166.71, 167.11, 165.99, 166.32, 3940525
12/16/22, 166.02, 166.98, 165.84, 166.79, 5371967
12/15/22, 165.73, 166.21, 165.10, 165.35, 8370909
12/14/22, 168.43, 168.81, 167.14, 168.10, 5642965
12/13/22, 169.21, 169.79, 168.02, 168.51, 6750199
12/12/22, 166.438, 166.60, 165.43, 165.68, 3504409
12/09/22, 167.26, 168.085, 166.60, 167.06, 5431272
12/08/22, 166.58, 167.045, 166.07, 166.47, 3217874
12/07/22, 165.47, 166.64, 165.318, 166.33, 4610697
12/06/22, 165.20, 165.54, 164.45, 164.84, 3597758
12/05/22, 166.55, 166.72, 164.3201, 164.39, 5436175
12/02/22, 166.18, 167.47, 165.76, 167.26, 5185941
12/01/22, 167.48, 167.95, 166.975, 167.84, 8625780
11/30/22, 163.69, 164.81, 162.40, 164.81, 4874746
11/29/22, 162.70, 163.6299, 162.60, 162.73, 2620637
11/28/22, 162.93, 163.06, 161.91, 161.93, 4053918
11/25/22, 162.85, 163.43, 162.765, 163.22, 1436508
11/23/22, 161.69, 163.24, 161.56, 163.08, 4167005
11/22/22, 162.30, 162.60, 161.72, 162.07, 3203837
11/21/22, 162.44, 162.50, 161.28, 161.88, 4766512
11/18/22, 163.38, 163.69, 162.68, 162.79, 4321075
11/17/22, 163.79, 164.1099, 163.40, 163.92, 4578129
11/16/22, 165.41, 165.71, 164.8301, 165.12, 3645845
11/15/22, 165.27, 166.23, 164.56, 165.50, 9903495
11/14/22, 164.20, 165.24, 164.15, 164.92, 6187552
11/11/22, 163.914, 164.58, 163.42, 164.56, 4622422
11/10/22, 162.01, 163.51, 161.655, 163.48, 9939858
11/09/22, 159.359, 160.35, 158.45, 158.65, 6040627
11/08/22, 155.99, 159.87, 155.975, 159.45, 11299640
11/07/22, 156.22, 156.569, 155.81, 155.85, 4425710
11/04/22, 154.95, 156.60, 154.66, 156.47, 7691954
11/03/22, 150.699, 151.955, 150.5703, 151.81, 5378810
11/02/22, 154.16, 155.42, 152.26, 152.39, 7220403
11/01/22, 153.82, 153.98, 152.87, 153.46, 4603597
10/31/22, 152.16, 152.8721, 151.89, 151.91, 6097760
10/28/22, 152.96, 153.54, 152.50, 153.16, 4645440
10/27/22, 154.715, 155.09, 154.22, 154.74, 3654871
10/26/22, 154.78, 155.73, 154.78, 154.98, 4451056
10/25/22, 153.96, 154.79, 153.83, 154.00, 3434053
10/24/22, 153.45, 154.06, 153.06, 153.65, 4673274
10/21/22, 151.98, 154.31, 151.83, 154.15, 6898351
10/20/22, 151.92, 153.23, 151.27, 151.45, 5019849
10/19/22, 152.09, 152.49, 151.54, 151.69, 8257060
10/18/22, 154.08, 154.2393, 153.24, 153.75, 4528441
10/17/22, 154.92, 155.33, 153.325, 153.42, 4348044
10/14/22, 154.02, 154.1996, 152.72, 152.98, 5474648
10/13/22, 153.48, 155.73, 152.92, 154.91, 7083767
10/12/22, 155.51, 156.29, 155.26, 155.99, 3998472
10/11/22, 155.49, 156.81, 154.92, 155.16, 5306673
10/10/22, 155.94, 156.35, 155.12, 155.48, 6110794
10/07/22, 158.46, 158.98, 157.68, 157.88, 5030041
10/06/22, 159.41, 159.94, 158.9511, 159.63, 5712627
10/05/22, 159.32, 160.08, 158.38, 159.81, 5296309
10/04/22, 159.18, 161.08, 158.92, 160.70, 8024496
10/03/22, 155.438, 158.48, 155.23, 158.43, 10362230
09/30/22, 154.94, 156.045, 154.57, 154.67, 6832430
09/29/22, 154.14, 155.03, 153.16, 154.66, 6317021
09/28/22, 153.20, 154.88, 152.93, 154.69, 8977243
09/27/22, 152.25, 152.73, 151.50, 151.54, 7151310
09/26/22, 153.22, 153.51, 151.0301, 151.23, 8240501
09/23/22, 153.90, 154.00, 152.64, 153.01, 9597991
09/22/22, 156.26, 156.48, 155.31, 155.70, 5975237
09/21/22, 155.97, 157.25, 154.01, 155.79, 7816071
09/20/22, 155.03, 155.23, 154.59, 155.07, 5943724
09/19/22, 154.87, 156.04, 154.815, 155.96, 5582767
09/16/22, 154.66, 156.56, 154.34, 155.84, 7141210
09/15/22, 156.76, 157.485, 154.62, 154.98, 13181200
09/14/22, 158.68, 158.98, 157.73, 157.93, 6091085
09/13/22, 158.47, 159.2675, 158.39, 158.54, 6526388
09/12/22, 161.04, 161.62, 160.55, 160.63, 4537530
09/09/22, 159.72, 160.24, 159.41, 159.82, 3927788
09/08/22, 159.54, 159.86, 158.7115, 158.98, 4607118
09/07/22, 158.15, 160.15, 158.08, 159.94, 3981410
09/06/22, 159.17, 159.46, 158.32, 158.33, 4863819
09/02/22, 159.35, 160.06, 159.14, 159.26, 5196908
09/01/22, 158.17, 158.39, 157.32, 157.87, 7390755
08/31/22, 159.50, 160.575, 159.255, 159.27, 5438641
08/30/22, 161.27, 161.43, 160.34, 160.51, 4856576
08/29/22, 161.88, 162.62, 161.70, 161.86, 4702256
08/26/22, 163.12, 163.61, 161.55, 161.76, 6689259
08/25/22, 163.97, 163.985, 163.24, 163.75, 2857488
08/24/22, 162.44, 163.61, 162.37, 163.25, 3202411
08/23/22, 161.96, 163.43, 161.91, 162.77, 4425075
08/22/22, 161.66, 162.12, 161.36, 161.64, 4458113
08/19/22, 163.65, 163.74, 162.615, 162.72, 8172954
08/18/22, 164.60, 164.9125, 163.545, 163.92, 3646087
08/17/22, 165.21, 165.228, 163.95, 164.35, 5569071
08/16/22, 165.31, 165.72, 165.18, 165.42, 4291529
08/15/22, 165.99, 166.25, 165.44, 165.71, 5236292
08/12/22, 167.17, 167.94, 166.83, 167.87, 5151653
08/11/22, 167.16, 167.66, 166.31, 166.34, 4445977
08/10/22, 167.3925, 167.98, 166.6201, 166.78, 4077274
08/09/22, 167.48, 167.80, 166.82, 167.20, 3205505
08/08/22, 166.03, 166.8103, 165.93, 166.69, 3457314
08/05/22, 164.99, 165.84, 164.87, 165.29, 6023291
08/04/22, 165.53, 167.31, 165.34, 167.17, 5502000
08/03/22, 164.77, 164.91, 163.475, 164.45, 4417759
08/02/22, 165.66, 166.46, 164.02, 164.05, 5725388
08/01/22, 164.98, 165.41, 164.41, 165.03, 4666912
07/29/22, 163.89, 164.69, 163.28, 164.10, 7537307
07/28/22, 163.31, 163.76, 162.88, 163.64, 5606353
07/27/22, 160.02, 162.21, 159.51, 161.67, 5709082
07/26/22, 160.23, 160.50, 159.79, 160.04, 2672764
07/25/22, 160.64, 160.70, 159.81, 160.23, 3713368
07/22/22, 160.55, 162.13, 160.35, 160.67, 5733753
07/21/22, 158.31, 160.31, 158.2699, 160.27, 5863333
07/20/22, 159.71, 159.815, 158.025, 158.04, 4795846
07/19/22, 159.47, 159.87, 159.33, 159.54, 3796198
07/18/22, 160.08, 160.43, 159.05, 159.16, 5791779
07/15/22, 159.01, 159.25, 158.35, 159.01, 6783785
07/14/22, 159.02, 159.83, 158.22, 159.33, 12213610
07/13/22, 160.10, 162.705, 160.06, 161.60, 8456636
07/12/22, 161.22, 161.62, 160.72, 160.83, 5375081
07/11/22, 161.93, 162.435, 161.3757, 161.43, 4321663
07/08/22, 162.35, 163.38, 161.84, 162.30, 4584112
07/07/22, 162.43, 163.04, 162.06, 162.23, 4588418
07/06/22, 164.32, 164.57, 161.47, 162.14, 11861140
07/05/22, 167.18, 167.33, 164.41, 164.75, 14035430
07/01/22, 167.135, 168.68, 166.96, 168.32, 11380330
06/30/22, 169.51, 169.96, 168.24, 168.46, 9144391
06/29/22, 170.58, 170.70, 169.17, 169.49, 4785576
06/28/22, 170.07, 170.21, 169.51, 169.62, 2984450
06/27/22, 170.595, 170.67, 169.75, 169.90, 5719684
06/24/22, 170.24, 170.7401, 169.85, 170.09, 6143081
06/23/22, 171.39, 172.13, 169.90, 170.26, 6535261
06/22/22, 171.61, 172.30, 171.10, 171.31, 6558656
06/21/22, 171.06, 171.91, 170.47, 170.63, 5608485
06/17/22, 172.15, 172.30, 170.97, 171.27, 7407223
06/16/22, 170.56, 172.77, 170.17, 172.69, 8823558
06/15/22, 170.40, 171.84, 169.08, 170.77, 9000294
06/14/22, 169.61, 169.7309, 168.30, 168.57, 7347935
06/13/22, 171.18, 171.335, 169.61, 169.93, 13265240
06/10/22, 170.89, 174.94, 170.46, 174.54, 16856141
06/09/22, 172.45, 172.59, 171.58, 172.23, 4701143
06/08/22, 172.89, 173.45, 172.67, 172.78, 5140816
06/07/22, 172.11, 173.05, 171.985, 172.94, 3860035
06/06/22, 172.81, 172.89, 171.65, 171.82, 3766042
06/03/22, 173.529, 173.965, 172.25, 172.58, 5519407
06/02/22, 173.66, 174.45, 173.49, 174.35, 5623129
06/01/22, 172.21, 172.53, 171.39, 172.23, 6946516
05/31/22, 172.71, 173.07, 171.08, 171.14, 6243967
05/27/22, 173.49, 173.52, 172.64, 172.85, 3847871
05/26/22, 172.13, 172.93, 171.76, 172.76, 6466982
05/25/22, 172.79, 173.16, 171.73, 173.08, 4595917
05/24/22, 173.47, 174.41, 173.35, 174.13, 6793991
05/23/22, 173.13, 173.38, 172.28, 172.83, 5518503
05/20/22, 171.71, 172.24, 170.89, 172.03, 6578056
05/19/22, 171.5489, 172.5197, 170.89, 171.91, 10580270
05/18/22, 169.01, 170.21, 168.81, 169.42, 7472850
05/17/22, 170.44, 170.53, 169.1409, 169.33, 6441110
05/16/22, 168.43, 170.43, 168.34, 170.40, 7319277
05/13/22, 168.312, 169.62, 168.01, 168.79, 13031060
05/12/22, 172.072, 172.40, 169.90, 170.17, 11626800
05/11/22, 172.51, 173.32, 172.20, 172.82, 9179592
05/10/22, 173.804, 173.96, 171.20, 171.42, 11010440
05/09/22, 174.27, 174.27, 172.79, 172.88, 10742410
05/06/22, 175.39, 176.56, 174.86, 175.42, 7643269
05/05/22, 177.56, 177.61, 174.66, 175.13, 12794160
05/04/22, 174.32, 176.35, 173.67, 175.80, 10491680
05/03/22, 173.89, 175.205, 173.85, 174.09, 7214348
05/02/22, 173.612, 174.65, 172.98, 173.63, 14318600
04/29/22, 178.067, 178.615, 176.71, 176.91, 7719702
04/28/22, 175.92, 176.965, 175.69, 176.93, 6384762
04/27/22, 176.456, 176.64, 175.50, 175.98, 8854721
04/26/22, 177.95, 178.30, 176.915, 177.32, 9042403
04/25/22, 177.17, 177.51, 176.48, 177.05, 13073690
04/22/22, 180.724, 181.605, 179.74, 180.29, 9146973
04/21/22, 181.77, 182.32, 180.775, 182.06, 9639834
04/20/22, 181.59, 182.72, 181.35, 182.71, 7038625
04/19/22, 183.19, 183.6506, 181.33, 181.82, 12585620
04/18/22, 185.95, 186.10, 184.39, 184.61, 8886690
04/14/22, 184.28, 184.41, 182.88, 184.04, 11567180
04/13/22, 184.50, 184.94, 184.13, 184.65, 8651635
04/12/22, 184.04, 184.64, 182.96, 183.77, 12024560
04/11/22, 183.17, 183.33, 181.11, 182.37, 10071320
04/08/22, 180.52, 181.82, 180.52, 181.47, 10655680
04/07/22, 179.87, 180.88, 179.80, 180.34, 10140590
04/06/22, 179.78, 180.31, 178.70, 179.66, 8942121
04/05/22, 180.91, 181.49, 178.93, 179.24, 10828530
04/04/22, 180.244, 180.81, 179.58, 180.37, 7063124
04/01/22, 179.5501, 180.4599, 178.98, 179.50, 13034400
03/31/22, 180.91, 181.96, 180.56, 180.65, 9844398
03/30/22, 179.76, 180.92, 179.6801, 180.58, 8361286
03/29/22, 177.02, 179.33, 176.69, 179.14, 10458930
03/28/22, 180.38, 181.325, 178.85, 179.06, 9489725
03/25/22, 181.81, 183.13, 181.35, 182.38, 7914035
03/24/22, 182.35, 183.51, 181.77, 183.13, 10970070
03/23/22, 180.29, 181.89, 179.76, 181.81, 12557270
03/22/22, 179.60, 179.71, 178.3231, 179.36, 9621751
03/21/22, 179.33, 181.29, 179.32, 180.67, 10582220
03/18/22, 179.93, 180.93, 179.035, 179.30, 13996450
03/17/22, 181.16, 182.03, 180.65, 180.89, 10954140
03/16/22, 179.13, 180.115, 176.87, 180.01, 17548090
03/15/22, 179.10, 180.27, 178.01, 178.89, 16962270
03/14/22, 183.03, 183.29, 181.95, 182.30, 13186390
03/11/22, 183.74, 185.78, 183.44, 185.09, 14824720
03/10/22, 186.88, 187.38, 184.99, 186.40, 18455211
03/09/22, 186.04, 187.225, 184.76, 185.82, 26839670
03/08/22, 188.35, 193.30, 188.26, 191.51, 47347680
03/07/22, 184.45, 186.64, 184.22, 186.41, 27951789
03/04/22, 182.114, 183.98, 181.36, 183.68, 22412090
03/03/22, 179.96, 181.30, 179.50, 180.80, 14826050
03/02/22, 180.13, 180.71, 178.788, 179.73, 19727189
03/01/22, 179.046, 181.76, 179.03, 181.62, 21942131
02/28/22, 178.86, 178.99, 176.50, 178.38, 16055840
02/25/22, 176.42, 176.79, 175.79, 176.55, 11530930
02/24/22, 182.59, 182.60, 175.27, 177.14, 32726000
02/23/22, 177.39, 178.39, 177.36, 178.29, 11772200
02/22/22, 177.67, 178.07, 176.8175, 177.49, 14960490
02/18/22, 177.07, 177.25, 176.51, 177.12, 12760660
02/17/22, 176.70, 177.53, 176.39, 177.25, 18612551
02/16/22, 173.49, 174.86, 173.48, 174.86, 12772070
02/15/22, 173.10, 173.34, 172.39, 173.08, 12607010
02/14/22, 173.78, 175.00, 173.68, 174.74, 13650700
02/11/22, 170.75, 174.20, 170.71, 173.81, 25741490
02/10/22, 170.52, 171.99, 170.46, 170.56, 10693520
02/09/22, 170.68, 171.42, 170.55, 171.21, 8002766
02/08/22, 170.10, 170.78, 169.95, 170.63, 5801993
02/07/22, 169.45, 170.30, 169.19, 170.11, 7796866
02/04/22, 168.04, 169.10, 167.99, 168.86, 9619611
02/03/22, 168.31, 168.82, 167.03, 168.60, 10650800
02/02/22, 168.34, 169.12, 168.155, 168.84, 9085285
02/01/22, 168.57, 168.85, 167.87, 168.23, 9763909
01/31/22, 167.79, 168.14, 167.46, 168.09, 8539265
01/28/22, 166.56, 167.46, 166.365, 167.10, 9782484
01/27/22, 168.02, 169.09, 167.325, 167.60, 15875310
01/26/22, 171.39, 171.725, 169.48, 169.79, 17799400
01/25/22, 171.95, 173.1499, 171.775, 172.58, 17382100
01/24/22, 171.78, 172.14, 170.85, 172.03, 15735970
01/21/22, 172.04, 172.12, 170.74, 171.09, 10982520
01/20/22, 172.31, 172.5999, 171.585, 171.65, 9570477
01/19/22, 170.3919, 172.1895, 170.20, 172.08, 15784480
01/18/22, 169.64, 170.005, 169.09, 169.39, 9323046
01/14/22, 170.22, 170.56, 169.4796, 169.67, 7865900
01/13/22, 170.09, 170.22, 169.27, 170.16, 7034202
01/12/22, 170.19, 170.75, 170.01, 170.74, 6280745
01/11/22, 168.44, 170.31, 168.37, 170.29, 8368980
01/10/22, 167.36, 168.30, 167.31, 168.26, 7026475
01/07/22, 167.37, 168.01, 166.86, 167.75, 8191936
01/06/22, 167.16, 167.75, 166.86, 166.99, 10902660
01/05/22, 170.62, 170.93, 168.90, 169.06, 8715585
01/04/22, 168.90, 169.72, 168.73, 169.57, 6965598
01/03/22, 168.86, 169.01, 168.00, 168.33, 9014423
12/31/21, 170.53, 171.04, 170.04, 170.96, 7039330
12/30/21, 168.43, 169.81, 168.37, 169.80, 5426311
12/29/21, 167.36, 168.69, 167.28, 168.59, 5889714
12/28/21, 169.33, 169.65, 168.62, 168.64, 4545714
12/27/21, 168.96, 169.42, 168.78, 169.37, 4763297
12/23/21, 168.69, 169.16, 168.01, 168.97, 4551124
12/22/21, 167.58, 168.64, 167.11, 168.59, 4672941
12/21/21, 167.69, 167.7754, 166.74, 167.02, 4548504
12/20/21, 167.88, 168.00, 167.06, 167.09, 6972959
12/17/21, 168.73, 169.125, 167.78, 167.80, 9867792
12/16/21, 167.01, 168.18, 166.94, 168.16, 11186200
12/15/21, 165.27, 166.40, 163.80, 166.15, 14231180
12/14/21, 165.34, 166.14, 165.16, 165.44, 8637879
12/13/21, 166.90, 167.255, 166.67, 167.00, 6610673
12/10/21, 166.72, 166.915, 166.18, 166.58, 6450614
12/09/21, 166.54, 166.58, 165.65, 165.88, 4913771
12/08/21, 166.51, 166.96, 166.28, 166.90, 4288935
12/07/21, 166.20, 167.08, 166.18, 166.81, 4900713
12/06/21, 166.14, 166.80, 165.93, 166.22, 4813624
12/03/21, 165.49, 166.93, 165.00, 166.63, 9507938
12/02/21, 165.89, 165.9405, 164.63, 165.24, 9604118
12/01/21, 166.84, 167.47, 166.06, 166.16, 7825484
11/30/21, 167.77, 169.01, 165.37, 165.50, 12925270
11/29/21, 166.84, 167.255, 166.38, 166.62, 7394940
11/26/21, 168.60, 168.64, 166.37, 166.85, 9605192
11/24/21, 166.583, 167.44, 166.32, 167.12, 5359457
11/23/21, 167.28, 167.60, 166.53, 167.28, 8053370
11/22/21, 169.90, 170.44, 168.42, 168.74, 13100510
11/19/21, 173.69, 174.10, 172.235, 172.61, 8787253
11/18/21, 173.96, 174.36, 173.53, 173.94, 6253445
11/17/21, 174.24, 174.605, 173.89, 174.50, 6523061
11/16/21, 173.97, 174.48, 172.86, 172.92, 8667323
11/15/21, 174.10, 174.59, 173.69, 174.18, 5630808
11/12/21, 173.51, 174.67, 173.40, 174.45, 7894848
11/11/21, 173.98, 174.27, 173.74, 174.12, 5959640
11/10/21, 173.67, 174.65, 172.11, 173.15, 11461780
11/09/21, 170.73, 171.31, 170.12, 171.29, 5781180
11/08/21, 170.43, 170.70, 170.06, 170.45, 4966135
11/05/21, 168.42, 169.94, 167.85, 169.84, 9368948
11/04/21, 167.51, 168.14, 167.37, 167.65, 6656097
11/03/21, 165.34, 165.95, 164.38, 165.77, 9055208
11/02/21, 167.43, 167.63, 166.963, 167.16, 3760736
11/01/21, 167.38, 167.84, 166.91, 167.52, 4975560
10/29/21, 166.29, 166.73, 165.64, 166.65, 7531872
10/28/21, 168.98, 169.25, 167.53, 168.08, 7000717
10/27/21, 167.73, 168.20, 166.86, 168.12, 5823080
10/26/21, 167.88, 167.91, 166.63, 167.68, 6658890
10/25/21, 168.66, 169.21, 168.53, 168.93, 4881346
10/22/21, 168.67, 169.54, 166.67, 167.77, 10703930
10/21/21, 166.70, 166.94, 166.24, 166.75, 4412389
10/20/21, 166.21, 167.11, 165.9258, 166.90, 5022036
10/19/21, 166.50, 166.50, 165.2001, 165.45, 6588473
10/18/21, 165.42, 165.59, 164.81, 164.92, 4029594
10/15/21, 165.39, 166.09, 165.10, 165.33, 8699223
10/14/21, 168.19, 168.22, 167.71, 168.00, 5083847
10/13/21, 165.28, 167.92, 165.28, 167.59, 11118290
10/12/21, 164.57, 165.44, 164.31, 164.66, 5453049
10/11/21, 164.04, 164.58, 163.91, 163.92, 3820087
10/08/21, 166.32, 166.42, 164.135, 164.23, 8536109
10/07/21, 164.02, 164.8507, 163.96, 164.16, 4791505
10/06/21, 164.23, 165.06, 164.1531, 165.03, 6067156
10/05/21, 163.94, 164.85, 163.49, 164.59, 5617283
10/04/21, 163.69, 165.54, 163.47, 165.36, 7651658
10/01/21, 164.27, 164.96, 163.885, 164.59, 6654686
09/30/21, 162.66, 164.95, 162.34, 164.22, 10574820
09/29/21, 162.35, 162.74, 160.97, 161.32, 8360656
09/28/21, 162.73, 162.82, 161.73, 162.05, 9282755
09/27/21, 163.85, 164.3608, 163.51, 163.64, 4942989
09/24/21, 163.00, 164.00, 162.74, 163.30, 6937521
09/23/21, 164.10, 164.20, 163.27, 163.51, 8451899
09/22/21, 165.89, 167.15, 165.03, 165.42, 9777794
09/21/21, 165.81, 166.63, 165.49, 166.04, 7181458
09/20/21, 164.29, 165.28, 164.07, 164.94, 7566577
09/17/21, 163.86, 164.32, 163.40, 163.77, 8369679
09/16/21, 164.38, 164.44, 163.233, 164.03, 11780400
09/15/21, 168.133, 168.36, 167.45, 167.83, 5624883
09/14/21, 168.22, 169.16, 167.48, 168.82, 7922917
09/13/21, 167.45, 168.22, 167.395, 167.74, 5474323
09/10/21, 167.81, 168.08, 167.145, 167.18, 7426272
09/09/21, 168.17, 168.28, 166.83, 168.03, 6641424
09/08/21, 168.02, 168.08, 166.70, 167.29, 6575990
09/07/21, 169.56, 169.78, 167.63, 167.71, 10007700
09/03/21, 170.59, 171.55, 170.15, 171.06, 8353646
09/02/21, 169.50, 169.63, 168.82, 169.25, 4601128
09/01/21, 169.94, 170.00, 169.16, 169.70, 4764866
08/31/21, 169.23, 169.92, 168.75, 169.69, 6336002
08/30/21, 169.66, 169.835, 169.09, 169.35, 3768628
08/27/21, 167.58, 170.19, 166.87, 170.19, 10036430
08/26/21, 167.21, 168.21, 166.83, 167.67, 4371866
08/25/21, 167.88, 167.92, 166.74, 167.48, 5588751
08/24/21, 169.04, 169.27, 168.52, 168.65, 4519173
08/23/21, 168.82, 168.91, 167.96, 168.73, 8190548
08/20/21, 166.80, 167.14, 166.36, 166.70, 7154348
08/19/21, 167.24, 167.29, 166.16, 166.61, 6934268
08/18/21, 167.24, 167.51, 166.26, 167.10, 7697931
08/17/21, 167.29, 167.73, 166.56, 166.97, 7106992
08/16/21, 166.73, 167.39, 166.59, 167.22, 7781796
08/13/21, 165.02, 166.46, 164.89, 166.39, 7466887